,user,text,date,match
2,ingrodolfohdez,"Aprovechando la posibilidad que tengo como Senador, propongo ajustar la Ley 80, la cual estÃ¡ permitiendo que se roben la plata de los colombianos, con esta reforma se eliminarÃ­a tanta corrupciÃ³n en medio de las contrataciones pÃºblica. ğŸ“œğŸ–‹ï¸ #ProyectoDeLey

https://t.co/lqu5GGMFJ9",Sat Oct 08 01:23:08 +0000 2022,['plata']
5,ingrodolfohdez,"#AusteridadEs No gastar mÃ¡s plata de la que entra, y mucho menos en pendejadas. https://t.co/LLNqWr949v",Mon Oct 03 12:57:43 +0000 2022,['plata']
6,ingrodolfohdez,"#UnDespilfarroEs destinar la plata del trabajo de los colombianos en burocracia, viajes en primera clase y hoteles de lujo.",Fri Sep 30 12:44:23 +0000 2022,['plata']
14,ingrodolfohdez,"AquÃ­ estÃ¡n los radicados de la #denuncia del caso de corrupciÃ³n de la gobernadora de Arauca, Espero las entidades y el Ministro @AlfonsoPrada no esperen hasta que termine el mandato del gobierno Petro para hacer algo. ğŸš¨ 

@FiscaliaCol @CGR_Colombia @sicsuper https://t.co/FKOdOtQxC0",Sat Sep 24 14:20:48 +0000 2022,['Petro']
20,ingrodolfohdez,"Iniciando la semana con mi UTL del Senado con quienes estoy trabajando para modificar esas leyes que estÃ¡n permitiendo que los pÃ­caros y los politiqueros hagan negocios y contratos con el estado y asÃ­ robarse la plata de todos los Colombianos. ğŸ“œğŸ‡¨ğŸ‡´

#RodolfoHernandez #Congreso https://t.co/E8VyiMUfn3",Mon Sep 19 14:55:44 +0000 2022,"['robar', 'plata']"
23,ingrodolfohdez,"#TocarLasPensionesEs Â¡Una locura! si quieren regalar plata, que sea de la que el gobierno deje de despilfarrar.",Wed Sep 14 14:08:59 +0000 2022,['plata']
36,ingrodolfohdez,"#EsUnAtropello lo que hacen los polÃ­ticos con nuestros impuestos.

La plata la malgastan, se la roban, la despilfarran, Â¡y no pasa nada!

Â¿Y asÃ­ quieren hacer la #ReformaTributaria para darles mÃ¡s plata?

https://t.co/zxJHtIw4g2",Sat Aug 27 14:31:58 +0000 2022,"['plata', 'plata']"
38,ingrodolfohdez,"La nueva fecha de adjudicaciÃ³n es el 15 de septiembre, les pido que actÃºen y revoquen esa licitaciÃ³n.

Porque despuÃ©s que la adjudiquen, hay que darles la plata asÃ­ no hagan la obra.

#Denuncia #Corrupcion #Casanare",Thu Aug 25 22:59:43 +0000 2022,['plata']
50,ingrodolfohdez,#NoCreoEn una Reforma Tributaria que va a recoger plata sin saber: Â¿por quÃ© vamos a recoger? y Â¿por quÃ© no alcanza la que hoy recogen?... !Eso es absurdo! https://t.co/dg50ITZL3Q,Thu Aug 18 14:00:12 +0000 2022,['plata']
56,ingrodolfohdez,"#CoherenciaEs Antes de querer joder a los colombianos con mÃ¡s impuestos, que primero aprendan a no gastar y dejar el derroche de la plata pÃºblica.",Tue Aug 16 13:27:05 +0000 2022,['plata']
57,ingrodolfohdez,"Â¡Es una alcahueterÃ­a! No podemos seguir gastÃ¡ndonos la plata de la ciudadanÃ­a.

Quiero invitar a todos mis compaÃ±eros en el @SenadoGovCo a que hagan lo mismo.

Y ojalÃ¡ esta platica pueda ser girada para abonarle a las deudas que tienen los jÃ³venes mÃ¡s pobres con el @ICETEX https://t.co/RByZtY0Sw7",Sat Aug 13 12:31:45 +0000 2022,['plata']
59,ingrodolfohdez,#NoEsTardePara frenar la Reforma Tributaria y revisar primero en dÃ³nde es que se estÃ¡n robando la plata de los impuestos de los Colombianos.,Thu Aug 11 14:06:11 +0000 2022,['plata']
61,ingrodolfohdez,"Hoy inician 4 aÃ±os del gobierno que eligieron los Colombianos, le deseo al @petrogustavo un buen gobierno, y sepa que voy a estar vigilante de cada paso que de para garantizar que le cumpla al pueblo Colombiano.",Sun Aug 07 22:15:57 +0000 2022,['petro']
69,ingrodolfohdez,"Radicamos el primer debate de control polÃ­tico por presunta corrupciÃ³n en la Ocad-Paz, junto a los Senadores @JotaPeHernandez , @DeLaCalleHum y @ArielAnaliza , para que nos expliquen en quÃ© se gastaron mÃ¡s de 8billones de pesos.

Â¡Y si se los robaron, los tienen que devolver! https://t.co/ldbDY4aNZv",Wed Jul 27 17:33:43 +0000 2022,['robar']
87,ingrodolfohdez,EmpezÃ³ el cambio ğŸ«±ğŸ»â€ğŸ«²ğŸ¼ğŸ‡¨ğŸ‡´ @petrogustavo https://t.co/kNigOffgeY,Tue Jun 28 20:45:00 +0000 2022,['petro']
91,ingrodolfohdez,"No es mi intenciÃ³n, como lo manifestÃ© en el momento en el que reconocÃ­ el triunfo del doctor @petrogustavo, generar alguna duda sobre ese resultado, ni contradecir lo que ha manifestado la RegistradurÃ­a Nacional. https://t.co/kkgdaqkKWQ",Wed Jun 22 16:44:00 +0000 2022,['petro']
95,ingrodolfohdez,"SÃ© que cada uno de ustedes esperaba lograr el sueÃ±o que fue creciendo en Colombia, de que yo pudiera alcanzar la presidencia con los principios de No robar, No mentir y No traicionar.",Tue Jun 21 11:49:46 +0000 2022,['robar']
103,ingrodolfohdez,"Testigos electorales Rodolfistas, durante el preconteo de votos deben:
1. Tomar foto a los tarjetones que tengan punto o raya en la casilla de Petro o en voto en blanco. 
2. Poner en las observaciones del E14: el tarjetÃ³n tenÃ­a previamente punto o raya. Quieren anularnos el voto.",Sun Jun 19 19:27:50 +0000 2022,['Petro']
114,ingrodolfohdez,"Como se les cayÃ³ la mentira del autosecuestro de mi hija, sintiendo que la cantidad de engaÃ±os, trampas y mentiras que usaron en esta sucia campaÃ±a no les dio resultado, ahora pretenden desorientar a los colombianos con tan cobarde infamia.",Sat Jun 18 17:33:27 +0000 2022,['campaÃ±a']
120,ingrodolfohdez,"Si asÃ­ se gasta la plata del paÃ­s estando en campaÃ±a, imagÃ­nense si llega a ser presidente. https://t.co/0YmwDyIGWv",Fri Jun 17 22:25:11 +0000 2022,"['plata', 'campaÃ±a']"
123,ingrodolfohdez,"Luego de conocer los resultados de la jornada electoral, darÃ© mis declaraciones desde mi casa, en compaÃ±Ã­a de mi familia. No gastaremos plata en espectÃ¡culos, siguiendo la austeridad que ha caracterizado a mi campaÃ±a y que hoy necesita es la misma que necesita el paÃ­s. https://t.co/TVayqsMtKE",Fri Jun 17 20:05:20 +0000 2022,"['plata', 'campaÃ±a']"
125,ingrodolfohdez,Doctor @petrogustavo en toda mi vida JAMÃS le he puesto trampas a los jueces y menos los he inmolado. CÃ³mo me alegra que haya recapacitado y reconozca que SIN jueces SOLO habrÃ¡ DICTADURA Y VIOLENCIA. NO SE CONFUNDA! https://t.co/ueEf4ngLIv,Fri Jun 17 17:23:53 +0000 2022,['petro']
127,ingrodolfohdez,"Les parece mal que yo estÃ© de vacaciones en Miami en el 2021, pero no les parece mal que Petro se emborrache y con tremenda borrachera se suba a las tarimas a hablarle a los electores, ni los â€œPetrovideosâ€, el pacto de la picota y su estrategia criminal. EstÃ¡n es desesperados.",Fri Jun 17 15:31:46 +0000 2022,"['Petro', 'Petro']"
130,ingrodolfohdez,"@petrogustavo DEJE DE MENTIRLE AL PAÃS. De mi equipo no asistiÃ³ nadie porque usted en ningÃºn momento delegÃ³ a alguien, ni concertÃ³ cita alguna al respecto. 

#RodolfoPresidente #RodolfoHernandez https://t.co/RvSdE3cdUL",Fri Jun 17 14:27:25 +0000 2022,['petro']
136,ingrodolfohdez,"Me dicen q este sr Eduar Triana, representante a la cÃ¡mara, es hijo de un extraditado y quiero aclarar q jamÃ¡s en mi vida lo habÃ­a visto. Ã‰l se acercÃ³ a mÃ­ con una imagen de la Virgen y de ninguna manera fue mi anfitriÃ³n, si asÃ­ lo dice es un mentiroso. NO ACEPTO SU APOYO! https://t.co/DIDwwT07FO",Thu Jun 16 18:56:36 +0000 2022,['mentiroso']
149,ingrodolfohdez,"Que este 19 de junio su voto sea para detener a los que se han dedicado a robarnos la plata a todos los colombianos ğŸ’°ğŸ‡¨ğŸ‡´

#RodolfoHernandez #RodolfoPresidente #LigaAnticorrupcion #elecciones2022 https://t.co/BdmPNG0bGP",Wed Jun 15 16:47:59 +0000 2022,"['robar', 'plata']"
165,ingrodolfohdez,"En innovaciÃ³n no es que no haya plata, el problema es que los polÃ­ticos no dejan platağŸ’° y por eso no se invierte. ğŸ”´ #EnVivo  #RodolfoPresidente ğŸ’›ğŸ’™",Tue Jun 14 00:51:06 +0000 2022,"['plata', 'plata']"
177,ingrodolfohdez,"La seriedad y credibilidad de esta encuestadora quedÃ³ demostrada sospechosamente el 29 de mayo. A Petro lo favorecÃ­a con un 2% y a mÃ­ me desfavorecÃ­a grotescamente con -15,4% ğŸ¤·ğŸ¼â€â™‚ï¸. https://t.co/5RDBjyWSEX",Sat Jun 11 20:34:43 +0000 2022,['Petro']
199,ingrodolfohdez,Ayer se hicieron pÃºblicos unos videos donde Petro y los politiqueros que lo rodean demuestran que son una banda criminal.,Thu Jun 09 15:27:59 +0000 2022,['Petro']
200,ingrodolfohdez,"Â¿Este es el presidente que Colombia quiere? Colombia no merece ser gobernada por esta gavilla criminal. Recuerden que Petro no es Petro, Petro son todos esos politiqueros redomados con quienes anda.",Thu Jun 09 13:37:47 +0000 2022,"['Petro', 'Petro', 'Petro']"
221,ingrodolfohdez,"La plata que me den de la reposiciÃ³n de votos, que por ley me corresponde, la destinarÃ© al pueblo en el que me posesione, que serÃ¡ en el mÃ¡s pobre de Colombia ğŸ‡¨ğŸ‡´ğŸ’›

(Foto del dÃ­a que me posesionÃ© como alcalde, en uno de los barrios mÃ¡s pobres de la ciudad)

#RodolfoHernandez https://t.co/ZA144QVtVx",Tue Jun 07 16:11:07 +0000 2022,['plata']
225,ingrodolfohdez,"La corrupciÃ³n de Petro en BogotÃ¡ fue evidente. No se perdieron de nada, hasta en las motos se llevaron su tajada. Doctor @petrogustavo, dÃ­game lo que pregona y le dirÃ© en quÃ© peca. https://t.co/5ZzfbEIu25",Tue Jun 07 13:36:45 +0000 2022,"['Petro', 'petro']"
237,ingrodolfohdez,"2.Con toda la plata que vamos a ahorrar atacando la corrupciÃ³n, voy a condonar las deudas de los muchachos con el Icetex aplicando 3 filtros iniciales: 1) Estudiantes activos, para evitar la deserciÃ³n; 2) Estudiantes de estrato 1, 2 y 3; 3) Estudiantes con los mejores promedios.",Mon Jun 06 15:50:30 +0000 2022,['plata']
253,ingrodolfohdez,#LaCorrupcionPetrista es no saber de dÃ³nde sacan la cantidad de plata que se gastan haciÃ©ndome mala publicidad.,Mon Jun 06 12:37:11 +0000 2022,['plata']
255,ingrodolfohdez,"Yo soy el candidato presidencial que mÃ¡s lejos ha llegado con menos compromisos en la historia. Petro, en cambio, ha hecho tratos con todos los que alguna vez criticÃ³ para llegar a donde estÃ¡. #RodolfoPresidente",Mon Jun 06 00:22:49 +0000 2022,['Petro']
259,ingrodolfohdez,Espero que nunca le toque tomar una decisiÃ³n como la que yo tuve que tomar. @petrogustavo https://t.co/WJqv6AR9lz,Sun Jun 05 12:17:41 +0000 2022,['petro']
269,ingrodolfohdez,"En mi campaÃ±a no se estÃ¡ pidiendo plata a ningÃºn colombiano.

#RodolfoHernandez #RodolfoPresidente #LigaAnticorrupcion #Elecciones2022 https://t.co/A5ECYH7KuB",Fri Jun 03 20:58:07 +0000 2022,"['campaÃ±a', 'plata']"
270,ingrodolfohdez,"La doble moral de @petrogustavo se estÃ¡ desbordando. Antes de atacarme, mÃ­rese bien en el espejo, no vaya a ser que se estÃ© atacando a sÃ­ mismo. https://t.co/3hWZybF515",Fri Jun 03 20:54:44 +0000 2022,['petro']
275,ingrodolfohdez,"Si #ColombiaQuiere progreso, entonces #ColombiaNecesita acabar con toda esa parranda de politiqueros que lo Ãºnico que le han hecho al paÃ­s es robarlo.
#RodolfoPresidente",Fri Jun 03 13:48:53 +0000 2022,['robar']
288,ingrodolfohdez,CÃ³mo cambian las cosas. Este debe ser el tono entre los dos proyectos de cambio por los que votÃ³ Colombia. No lo olvide @petrogustavo https://t.co/aIqlWLNCoC,Wed Jun 01 13:20:07 +0000 2022,['petro']
289,ingrodolfohdez,"Todo aquel que lucha x un mejor paÃ­s merece nuestra admiraciÃ³n y respeto.
Si las campaÃ±as no sirven para unir entre los diversos colores que somos, entonces para quÃ© sirven?
Gracias x seguir haciendo linda esta campaÃ±a.ğŸ‡¨ğŸ‡´ğŸ«¶ğŸ»

https://t.co/cCb3B9WDqx",Tue May 31 19:35:55 +0000 2022,"['campaÃ±a', 'campaÃ±a']"
290,ingrodolfohdez,"https://t.co/IVTouSoGLm igual que mi campaÃ±a, MI GOBIERNO SERÃ INDEPENDIENTE, YO NO LE DEBO NADA A NADIE, NO COMAN CUENTO.",Tue May 31 00:33:44 +0000 2022,['campaÃ±a']
292,ingrodolfohdez,18.En mi gobierno se sacarÃ¡ la plata que se ahorre de todos los gastos innecesarios en los que han incurrido gobiernos anteriores para pagar la deuda del ICETEX de los muchachos. Nadie deberÃ­a endeudar su futuro para poder progresar.,Tue May 31 00:32:40 +0000 2022,['plata']
306,ingrodolfohdez,"4.Mi gobierno, al igual que mi campaÃ±a, va a ser austero. Nada de seguir despilfarrando la plata de los colombianos como lo han venido haciendo los gobiernos anteriores.",Tue May 31 00:19:31 +0000 2022,"['campaÃ±a', 'plata']"
315,ingrodolfohdez,"Ayer, en las #EleccionesColombia, casi 6 millones votaron en contra de lo que nos divide, y a favor de lo que nos une: el deseo de que Colombia sea un paÃ­s sin odios, sin ladrones, sin pobreza. Un paÃ­s del que nadie se quiera ir. #ColombiaEsRodolfo #RodolfoPresidente",Mon May 30 13:08:42 +0000 2022,['ladron']
324,ingrodolfohdez,"#EnVivo ğŸ”´ Hable con *El Ingeniero en su cierre de campaÃ±a digital* ğŸ“²ğŸ’›ğŸ’™ğŸ‡¨ğŸ‡´

https://t.co/PLBytjP44I",Sun May 29 01:19:00 +0000 2022,['campaÃ±a']
326,ingrodolfohdez,"Colombianos nos vemos hoy en mi cierre de campaÃ±a digitalğŸ“²ğŸ’›ğŸ’™

ğŸ•— 8:00pm 
ğŸ”µ En mi red social FaceBook

Los espero, inviten a sus familiares, amigos y hasta el vecino ğŸ¤­ğŸ˜

#RodolfoHernandez #RodolfoPresidente #LigaAnticorrupcion #Elecciones2022 https://t.co/WrmeUbQEUe",Sat May 28 23:31:52 +0000 2022,['campaÃ±a']
328,ingrodolfohdez,"#ChampionsLeagueFinal va a ser la de maÃ±ana, yo superando el juego sucio de Petro y goleando a Fico.",Sat May 28 20:08:20 +0000 2022,['Petro']
329,ingrodolfohdez,"No podemos dejar que las mentiras de Petro destruyan al paÃ­s, ni que la continuidad de Uribe con Duque, y ahora con Fico, haga crecer la miseria nacional. 
#RodolfoPresidente",Sat May 28 19:51:27 +0000 2022,['Petro']
330,ingrodolfohdez,"#ElIngenieroPropone Hay que inyectarle plata al campo y darles a los campesinos herramientas para que sus productos puedan competir con los que se importan. Mi gobierno se concentrarÃ¡ en el campo. 
#RodolfoPresidente",Sat May 28 19:26:20 +0000 2022,['plata']
342,ingrodolfohdez,"EstÃ¡n tan desesperados que ya se unieron Uribe, Vicky y Petro para atacarme, usando a cuanto corrupto en venta anda suelto.

https://t.co/iobTffN5xK",Fri May 27 15:20:57 +0000 2022,['Petro']
343,ingrodolfohdez,#ElIngenieroPropone Los transportadores de carga necesitan un gobierno que se preocupe por mejorar la infraestructura vial del paÃ­s para poder impulsar la competitividad. Ya es hora de que dejen de robarse la plata que pagamos en los peajes y se empiece a invertir de verdad.,Fri May 27 14:31:19 +0000 2022,"['robar', 'plata']"
344,ingrodolfohdez,"#ElDomingoVoyA cambiar la historia junto con todos los colombianos que se han mamado de las divisiones y no quieren mÃ¡s uribismo ni que siga Duque con cara de Fico, y menos que llegue Petro a dividirnos mÃ¡s. #RodolfoPresidente",Fri May 27 14:29:22 +0000 2022,['Petro']
346,ingrodolfohdez,"Lo que muestran los indicadores de mi acercamiento a Petro es lo que tiene asustados no solo a los petristas, sino a los uribistas ğŸ˜ğŸ’ªğŸ».

#RodolfoHernandez #RodolfoPresidente #LigaAnticorrupcion #elecciones2022 https://t.co/9mMfuTBgRH",Fri May 27 13:07:10 +0000 2022,['Petro']
358,ingrodolfohdez,#VotoPor el fin de la polarizaciÃ³n. Porque el continuismo de Fico y el miedo que causa Petro solo dividen al paÃ­s.,Wed May 25 13:00:38 +0000 2022,['Petro']
366,ingrodolfohdez,"Todas estas propuestas de los debates, ya han sido dichas en entrevistas, mensajes de campaÃ±a y un montÃ³n de otros debates a los que yo ya fui, mientras Petro decidiÃ³ no aparecerse hasta ahora, cuando las encuestas muestran que ya no va a ganar. (9/10)",Tue May 24 17:09:15 +0000 2022,"['campaÃ±a', 'Petro']"
374,ingrodolfohdez,"La agresividad de las otras campaÃ±as al ver cÃ³mo cada dÃ­a son mÃ¡s los colombianos que me apoyan, me ha hecho pensar sobre quÃ© hace que se desesperen y actÃºen asÃ­. (1/10)",Tue May 24 17:06:22 +0000 2022,['campaÃ±a']
383,ingrodolfohdez,"DespuÃ©s de buscarme para una alianza, Petro empieza a atacarme cuando las encuestas muestran que soy el Ãºnico que le puede ganar en segunda vuelta. Miren por donde pela el cobre. Ya no le sirvo, doctor Petro? 

https://t.co/SrxkgyEecl",Mon May 23 17:11:33 +0000 2022,"['Petro', 'Petro']"
386,ingrodolfohdez,"Gracias por su apoyo @JotaPeHernandez , con su ayuda todo serÃ¡ diferente. A todos los politiqueros, el tiempo de robar se les acabÃ³! #RodolfoPresidente 

Ver: https://t.co/OvxyewHjVX",Mon May 23 15:11:03 +0000 2022,['robar']
389,ingrodolfohdez,"#LoPeorDeEstasElecciones ha sido ver a la derecha mÃ¡s politiquera acercÃ¡ndose a la izquierda de Petro para neutralizar, una vez mÃ¡s, al centro que nosotros representamos y que es el Ãºnico capaz de salvar al paÃ­s de la polarizaciÃ³n. https://t.co/R4MxudnbgC",Sun May 22 16:33:18 +0000 2022,['Petro']
391,ingrodolfohdez,Gustavo: 1. El fuego no se apaga con gasolina. 2. Es irresponsable asumir hechos inexistentes como ciertos. 3. Soy vÃ­ctima de gavillas y no me presto para hacerlas. @petrogustavo,Sun May 22 14:07:26 +0000 2022,['petro']
393,ingrodolfohdez,"En las embajadas solo hay politiqueros quemados, trabaja mÃ¡s el buey del pesebre que ellos. Las casas donde estÃ¡n las embajadas las vendemos y con esa plata le pagamos la deuda que los chinos tienen con el ICETEX ğŸ‡¨ğŸ‡´ğŸ’ªğŸ»

#RodolfoHernandez #RodolfoPresidente #LigaAnticorrupcion https://t.co/gNrz0ZAdve",Sat May 21 20:54:48 +0000 2022,['plata']
394,ingrodolfohdez,"Cada hora, mÃ¡s y mÃ¡s colombianos se estÃ¡n uniendo a mÃ­, porque sienten que soy la mejor opciÃ³n para el paÃ­s y el Ãºnico que le puede ganar a Petro. No les voy a fallar!ğŸ’›ğŸ’™

#RodolfoPresidente #RodolfoHernandez #LigaAnticorrupcion #Elecciones2022",Sat May 21 19:54:25 +0000 2022,['Petro']
395,ingrodolfohdez,"Mi campaÃ±a significa la uniÃ³n de Colombia para acabar con la corrupciÃ³n y poder salir adelante. Quien tenga esta meta y quiera sumarse apoyando, siempre serÃ¡ bienvenido.

#RodolfoPresidente #RodolfoHernandez #Elecciones2022 #LigaAnticorrupcion",Sat May 21 18:11:12 +0000 2022,['campaÃ±a']
400,ingrodolfohdez,"#EstaMal hacer campaÃ±a dividiendo al paÃ­s. El Ãºnico futuro de Colombia es la uniÃ³nğŸ‡¨ğŸ‡´ğŸ’›ğŸ’™

#RodolfoPresidente #RodolfoHernandez #Elecciones2022 #LigaAnticorrupcion",Fri May 20 20:30:28 +0000 2022,['campaÃ±a']
402,ingrodolfohdez,"Gracias a todos los rodolfistas por demostrar que se puede hacer una campaÃ±a diferente ğŸ‘ğŸ»ğŸ’ªğŸ»ğŸ‡¨ğŸ‡´

#RodolfoHernandez #RodolfoPresidente #LigaAnticorrupcion https://t.co/pxxg3A61W6",Fri May 20 16:55:56 +0000 2022,['campaÃ±a']
403,ingrodolfohdez,"#ElFenÃ³menoRodolfo es la prueba de que Colombia quiere un cambio de verdad y sin riesgos. No a Petro.

#RodolfoPresidente #RodolfoHernandez #Elecciones2022 #LigaAnticorrupcion",Fri May 20 16:40:08 +0000 2022,['Petro']
407,ingrodolfohdez,"El pueblo colombiano y yo somos los Ãºnicos que en segunda vuelta podemos ganarle a PetroğŸ’ªğŸ». Voy a ser su presidenteğŸ’›ğŸ’™ğŸ‡¨ğŸ‡´

#RodolfoHernandez #RodolfoPresidente #LigaAnticorrupcion #Elecciones2022 https://t.co/TvztqmAuIW",Fri May 20 12:54:39 +0000 2022,['Petro']
413,ingrodolfohdez,De dÃ³nde estarÃ¡ sacando tanta plata el doctor FicoğŸ¤”ğŸ¤” https://t.co/acwV3R3xMb,Thu May 19 18:50:17 +0000 2022,['plata']
419,ingrodolfohdez,"Vallenatos! Gracias por darme la herramienta para acabar con los hampones que se roban la plata de los colombianos. Tranquilos, la vamos a empezar a usar el 7 de agosto. No les voy a fallar! ğŸª¤ğŸ˜ğŸ‡¨ğŸ‡´

Gracias Valledupar! ğŸª—ğŸ¶
#RodolfoHernandez #RodolfoPresidente #LigaAnticorrupcion https://t.co/KYZ9T5Rsb3",Thu May 19 12:48:18 +0000 2022,['plata']
421,ingrodolfohdez,"En mi gobierno reduciremos el gasto de funcionamiento del Estado para que la plata sea para la deuda que tiene la muchachada de los estratos 1, 2 y 3 con el ICETEX ğŸ“šğŸ“ğŸ‡¨ğŸ‡´

#RodolfoHernandez #RodolfoPresidente #LigaAnticorrupcion #elecciones2022 https://t.co/kSfpNmbUXZ",Thu May 19 00:19:28 +0000 2022,['plata']
423,ingrodolfohdez,"Acabaremos con el despilfarro que tienen todos los parlamentarios y con esa plata que nos ahorramos, le pagamos la deuda que tiene la muchachada con el ICETEXğŸ‘€ğŸ’µğŸ‡¨ğŸ‡´.

 #RodolfoHernandez #RodolfoPresidente #LigaAnticorrupcion #Elecciones2022 https://t.co/RalrcT30xy",Wed May 18 20:52:01 +0000 2022,['plata']
427,ingrodolfohdez,"Petro y Fico estÃ¡n dando patadas de ahogado. Pusieron a todas sus bodegas a atacarme, porque saben que este 29 de mayo ganarÃ© en primera vuelta. Mi capacidad de unir es tan grande que hasta Petro y Fico se unieron para atacarme. Los tengo asustados.",Wed May 18 16:22:09 +0000 2022,"['Petro', 'Petro']"
430,ingrodolfohdez,"Yo no necesito plata porque esa ya la trabajÃ©, pero hay 22 millones de colombianos pobres que sÃ­ la necesitan ğŸ‡¨ğŸ‡´ğŸ«¶ğŸ».

#RodolfoHernandez #RodolfoPresidente #LigaAnticorrupcion #Elecciones2022 https://t.co/Zm25ndF3Dx",Wed May 18 11:54:10 +0000 2022,['plata']
436,ingrodolfohdez,"Como se roban todo, no hay plata para el gasto pÃºblico, o sea que, ademÃ¡s de los impuestos, los ciudadanos tambiÃ©n tenemos que pagar las carreteras. Â¿Por quÃ© seguimos soportando este desastre? #TienenHuevo (2/2)",Tue May 17 22:51:20 +0000 2022,['plata']
441,ingrodolfohdez,"Los politiqueros son los Ãºnicos a los que les puede dar miedo ahorrarse una plata que se estÃ¡ botando o se le estÃ¡ entregando a la clase politiquera que tiene arruinado a Colombia, especialmente a los mÃ¡s pobres, que son los se estÃ¡n muriendo de hambre, por Dios! #ARodolfoLeDigo",Tue May 17 17:46:38 +0000 2022,['plata']
445,ingrodolfohdez,Las casas donde estÃ¡n las embajadas las vendemos y con esa plata le pagamos la deuda que los chinos tienen con el ICETEX. #EnVivo en #VickyEnSemana @RevistaSemana #ARodolfoLeDigo,Tue May 17 17:33:42 +0000 2022,['plata']
449,ingrodolfohdez,"El primer decreto es quitarle el despilfarro de plata que tienen los parlamentarios. Que paguen ellos de su bolsillo su carro, su celular, sus viajes. #EnVivo en #VickyEnSemana @RevistaSemana #ARodolfoLeDigo",Tue May 17 17:10:26 +0000 2022,['plata']
450,ingrodolfohdez,En la campaÃ±a me he gastado 3 mil millones de pesos de mi bolsillo. #EnVivo en #VickyEnSemana @RevistaSemana #ARodolfoLeDigo,Tue May 17 17:08:23 +0000 2022,['campaÃ±a']
452,ingrodolfohdez,"Â¡Solos, los colombianos y yo vamos a derrotar a las gavillas de Petro y de Fico! ğŸ’ªğŸ»ğŸ‡¨ğŸ‡´

#RodolfoHernandez #RodolfoPresidente #LigaAnticorrupcion #Elecciones2022 https://t.co/No7LVGuJka",Tue May 17 15:34:05 +0000 2022,['Petro']
453,ingrodolfohdez,"#MiBolsillo estÃ¡ en esta campaÃ±a, no como esos politiqueros corruptos que pagan sus campaÃ±as con la plata que le roban a la gente.
#RodolfoPresidente",Tue May 17 15:05:47 +0000 2022,"['campaÃ±a', 'campaÃ±a', 'plata']"
455,ingrodolfohdez,"La vacuna ğŸ’‰contra Petro no es Fico, soy yo!",Tue May 17 11:03:01 +0000 2022,['Petro']
489,ingrodolfohdez,"La plata hay que ponerla a producir para que mejore la vida de la gente ğŸ‡¨ğŸ‡´ğŸ’°.

#RodolfoHernandez #RodolfoPresidente #LigaAnticorrupcion #Elecciones2022 https://t.co/LDMT8TDO3e",Sat May 14 21:34:47 +0000 2022,['plata']
493,ingrodolfohdez,"Â¡Fico es un mentiroso triple redomado! Las encuestas de Ã©l, son igual de falsas a esta foto ğŸ¤·ğŸ¼â€â™‚ï¸ https://t.co/7x6usM4Qk9",Sat May 14 19:22:35 +0000 2022,['mentiroso']
505,ingrodolfohdez,"#UnaPatraÃ±aEs que aquÃ­ los polÃ­ticos que se dedicaron a robar y a endeudar el paÃ­s todos los dÃ­as, sÃ¡bado y domingo tambiÃ©n, hoy quieran hacerse los salvadores. Los colombianos nos acostamos tranquilos y al despertarnos ya debemos el doble de lo que se debÃ­a el dÃ­a anterior.",Fri May 13 20:58:01 +0000 2022,['robar']
508,ingrodolfohdez,"#UnaPatraÃ±aEs que se inventen que hay que resignarse y votar por Petro o por Fico, cuando existe una opciÃ³n de cambio, de una.
#RodolfoPresidente",Fri May 13 14:47:38 +0000 2022,['Petro']
519,ingrodolfohdez,"El Pdte. Duque estÃ¡ haciendo participaciÃ³n indebida en polÃ­tica. Levanta la ley de garantÃ­as y adjudicÃ³ contratos, a travÃ©s de convenios, por 53 billonesğŸ’°para entregarles a los parlamentarios para que hicieran la campaÃ±a al senado y cÃ¡mara a favor de la rosca que tienen montada.",Thu May 12 18:24:58 +0000 2022,['campaÃ±a']
533,ingrodolfohdez,"En mi gobierno,a travÃ©s de un decreto, controlaremos las chequeras para que no despilfarren los recursos pÃºblicos en los lujos de los politiqueros y no se sigan robando la plata de todos los colombianos. Mi Ãºnica alianza es con ğŸ‡¨ğŸ‡´. 
https://t.co/lHQD1v1UFq

#RodolfoPresidente",Thu May 12 16:05:43 +0000 2022,['plata']
534,ingrodolfohdez,"Lo que los concejales politiqueros ladrones no me dejaron hacer en Bucaramanga por 0 pesos, a BogotÃ¡ le va a costar 1 billÃ³n de pesos. ğŸ˜ 

Basuras en BogotÃ¡: la ciudad debe empezar a generar energÃ­a en 2023 - BogotÃ¡ - https://t.co/dD8R7kPebT https://t.co/0hrmLRwR6Y",Thu May 12 14:19:50 +0000 2022,['ladron']
536,ingrodolfohdez,"#UnGranError es pensar que la soluciÃ³n es Petro, cuando la derecha nunca lo dejarÃ­a gobernar.

#RodolfoPresidente",Thu May 12 12:56:14 +0000 2022,['Petro']
544,ingrodolfohdez,"#ElCambioEnPrimera es votar para sacar del gobierno a la mafia politiquera y corrupta, y esto solo es posible con un gobernante que una al pueblo, no uno que lo divida como Petro o Fico. 

#RodolfoPresidente",Wed May 11 14:49:03 +0000 2022,['Petro']
552,ingrodolfohdez,"Lo mÃ¡s solapado que hay son gobernadores, alcaldes haciÃ©ndole campaÃ±a a unos candidatos y solamente tienen un sesgo para generar resoluciones disciplinarias contra unos otros.ğŸ¤” #EnVivo en el #DebateEconÃ³mico @CaracolRadio  @WRadioColombia @Canal1Colombia",Wed May 11 02:15:55 +0000 2022,['campaÃ±a']
553,ingrodolfohdez,"Los politiqueros ladrones se roban 100 millones de pesos por minuto, eso da un billÃ³n semanal. Son 55 billones al aÃ±o. Total de que el tema no es meter mÃ¡s impuestos. ğŸ’°ğŸ“ˆ #EnVivo en el #DebateEconÃ³mico @WRadioColombia @CaracolRadio @Canal1Colombia",Wed May 11 02:12:47 +0000 2022,['ladron']
555,ingrodolfohdez,"Entonces nos cogen a todos los colombianos que trabajamos, 25 millones de idiotas Ãºtiles a llevarle plata ğŸ’° a polÃ­ticos para que sigan la sigan gastando. #EnVivo en el #DebateEconÃ³mico @CaracolRadio  @WRadioColombia",Wed May 11 01:44:05 +0000 2022,['plata']
560,ingrodolfohdez,"En Colombia nos olvidamos de que ganar no importa, si no se puede gobernar. Ni Petro, ni Fico van a poder gobernar dividiendo al paÃ­s. Mi propÃ³sito es unir y jamÃ¡s dividir.

Pd: Apunte bien con su voto, que en segunda le gano a Petro. #EnSegundaGanaRodolfo",Tue May 10 16:53:37 +0000 2022,"['Petro', 'Petro']"
564,ingrodolfohdez,"#NoComprendo como pretenden gobernar Fico o Petro, con medio paÃ­s en contra cada uno. Este paÃ­s necesita un presidente que lo una, no que lo divida.",Tue May 10 13:00:36 +0000 2022,['Petro']
570,ingrodolfohdez,"La Ãºnica manera que existe para bajar los intereses es con competencia. La plata no la botan los Ã¡rboles. Cuando hay masas de capital restringido en el mercado, la tasa de interÃ©s sube ğŸ“ˆ que es lo que estÃ¡ pasando. @TelepacificoTV",Tue May 10 02:57:26 +0000 2022,['plata']
581,ingrodolfohdez,La deuda externa es que nosotros gastamos mÃ¡s plata ğŸ’µ de la que somos capaces de gastar fiscalmente la sumatoria de todos los colombianos. La deuda externa en Colombia con 175 mil millones de dÃ³lares que genera 275 mil millones diarios de interÃ©s.,Tue May 10 01:52:55 +0000 2022,['plata']
588,ingrodolfohdez,#CampaÃ±aSuciaEs comprar votos con la misma plata que le han robado a los colombianos.,Mon May 09 15:29:30 +0000 2022,['plata']
590,ingrodolfohdez,"Mi campaÃ±a la pago yo, de mi propio bolsilloğŸ’°ğŸ˜Š.

#RodolfoHernandez #RodolfoPresidente #LigaAnticorrupcion #elecciones2022 https://t.co/8jkx7NeU46",Mon May 09 14:27:38 +0000 2022,['campaÃ±a']
593,ingrodolfohdez,"Buenos dÃ­as. Para que no olviden: en segunda vuelta yo le gano a petro.

#EnSegundaGanaRodolfo",Mon May 09 10:38:44 +0000 2022,['petro']
596,ingrodolfohdez,"No hacer contrataciones con encorbatados que no van, sino el dÃ­a que les van a pagar el acta, les pagan una miserableza y se traen el resto de la plata para BogotÃ¡ #EnVivo ğŸ”´ en el #DebateAmbiental ğŸŒ± @noticiascaracol #RodolfoPresidente",Mon May 09 02:04:01 +0000 2022,['plata']
600,ingrodolfohdez,"AquÃ­ nos han metido cuentos de cobrar mÃ¡s por todo porque van a ejecutar una obra  y resulta que la obra no la ejecutan, la plata la comprometen, se la roban, la malgastan, malos diseÃ±os y no terminan en nada #EnVivo ğŸ”´ en el #DebateAmbiental ğŸŒ± @noticiascaracol",Mon May 09 01:41:47 +0000 2022,['plata']
602,ingrodolfohdez,"Tenemos todo para tener un paÃ­s bello. Todos los colombianos viviendo bien, decorosamente, pero tenemos unos administradores ladrones que solamente se preocupan por sus bolsillos. #EnVivo ğŸ”´ en el #DebateAmbiental ğŸŒ± @noticiascaracol #RodolfoPresidente",Mon May 09 01:31:10 +0000 2022,['ladron']
605,ingrodolfohdez,"Las voces mÃ¡s lÃºcidas se siguen sumando en respaldo a mi campaÃ±a, con la convicciÃ³n de que soy la mejor decisiÃ³n para el futuro de Colombia.

https://t.co/jq2i3nXKgq",Sun May 08 18:50:54 +0000 2022,['campaÃ±a']
623,ingrodolfohdez,"#UnaVerdadUrgente es que Fico y Petro solo van a polarizar al paÃ­s. Colombia necesita un presidente que la una, no que la divida. #RodolfoHernandez",Thu May 05 14:39:23 +0000 2022,['Petro']
652,ingrodolfohdez,La mejor reforma tributaria es sacar a los ladrones del gobiernoâ˜ï¸. #EnVivo en â€œDesafÃ­os para el paÃ­sâ€ en @EAFIT #EafitAlAgora #DebatesEE #HistoriasQueHacenPaÃ­s,Tue May 03 16:30:36 +0000 2022,['ladron']
653,ingrodolfohdez,Hay que inyectarle plata al campo y darles a los campesinos herramientas para que sus productos puedan competir con los que se importan. #EnVivo en â€œDesafÃ­os para el paÃ­sâ€ en @EAFIT #EafitAlAgora #DebatesEE #HistoriasQueHacenPaÃ­s,Tue May 03 16:07:27 +0000 2022,['plata']
656,ingrodolfohdez,"Para poder ejecutar los programas que eliminen las brechas de desigualdad hay que entregarle la chequera a gente que sepa administrar y sacar a los que nos robaron los 70 mil millones, que pudo haber sido mÃ¡s de 1 billÃ³n. #EnVivo en â€œDesafÃ­os para el paÃ­sâ€ en @EAFIT #EafitAlAgora",Tue May 03 15:40:15 +0000 2022,['robar']
657,ingrodolfohdez,Voy a representarlos y vamos a hacer lo que nadie se ha atrevido a hacer y es sacar a toda la ladronera del gobierno. #EnVivo en â€œDesafÃ­os para el paÃ­sâ€ en @EAFIT #EafitAlAgora #DebatesEE #HistoriasQueHacenPaÃ­s,Tue May 03 15:29:56 +0000 2022,['ladron']
661,ingrodolfohdez,"La vida es lo primero. Amenazar de muerte a un candidato, es amenazar de muerte a la democracia. Mi solidaridad total con @petrogustavo .",Tue May 03 00:34:01 +0000 2022,['petro']
662,ingrodolfohdez,"Duque se gasta 4.300 millones de pesos a costa de la plata de los estudiantes. Por quÃ© no coger esa plata y saldar la deuda del Icetex de toda la muchachada? Muchas gracias a todos los estudiantes del Censa, que se acercaron a escucharme.
#RodolfoHernandez #RodolfoPresidente https://t.co/rhQuTPzco2",Tue May 03 00:16:58 +0000 2022,"['plata', 'plata']"
688,ingrodolfohdez,"GravÃ­simo que Piedad CÃ³rdoba, como senadora, estÃ© yendo a ver extraditables. Ella como senadora deberÃ­a velar por los intereses de los colombianos y estar pendiente de que la plata no se la roben, no la despilfarren.  #AEstaHora #EnVivo en @revistasemana",Fri Apr 29 17:43:27 +0000 2022,['plata']
711,ingrodolfohdez,"En Colombia los polÃ­ticos corruptos acaban con el medio ambiente solo para llenarse los bolsillos de plata ğŸªµğŸ’°ğŸ˜’

#RodolfoHernandez #RodolfoPresidente #LigaAnticorrupcion #Elecciones2022 #medioambiente https://t.co/UJlS5Z3hmJ",Wed Apr 27 20:30:53 +0000 2022,['plata']
712,ingrodolfohdez,"No esperemos hasta el 29 de mayo para que el paÃ­s empiece a cambiar. #ElCambioComienzaHoy con pequeÃ±os buenos actos â¤ï¸â€ğŸ©¹ğŸ™ŒğŸ».

Yo rete a @NataliaParis_ @juanpisrules @TatianaUGirardi @petrogustavo @sergio_fajardo @FicoGutierrez @IBetancourtCol 

CuÃ¡les son sus buenos actos? ğŸ‘€ğŸ™ŒğŸ» https://t.co/mX0gWe2FPW",Wed Apr 27 19:20:55 +0000 2022,['petro']
722,ingrodolfohdez,"#Cinismo es que cada dÃ­a pretendan meterle mÃ¡s y mÃ¡s presupuesto a los sectores como educaciÃ³n y salud, sabiendo que la soluciÃ³n no es esa sino saberla administrar. Quieren mÃ¡s plata para tener que echarse mÃ¡s en los bolsillos.",Wed Apr 27 11:57:53 +0000 2022,['plata']
724,ingrodolfohdez,"En educaciÃ³n, aquÃ­ todo lo resuelven poniendo mÃ¡s presupuesto, pero lo que se necesita saber es quiÃ©nes son los administradores de ese presupuesto. Se debe tener gente idÃ³nea, gente que genere valor, conocimiento y eficiencia de la plata. ğŸ”´ #EnVivo en #CandidatosAlTablero",Wed Apr 27 00:34:28 +0000 2022,['plata']
726,ingrodolfohdez,"MI PROPUESTA PARA LA MUCHACHADA ENDEUDADA CON EL ICETEX! ğŸ“š

La plata de los lujos que le quitemos a los politiqueros servirÃ¡ para pagar la deuda que tiene la muchachada con el Icetex.

#RodolfoHernandez #RodolfoPresidente #LigaAnticorrupcion #Elecciones2022
#JuventudesConElInge https://t.co/E7JZlQRI0P",Tue Apr 26 21:55:04 +0000 2022,['plata']
728,ingrodolfohdez,#NoSoporto que los medios sigan tratando de convencer a la gente de que las Ãºnicas dos opciones son Fico y Petro. ğŸ¤·ğŸ¼â€â™‚ï¸ #RodolfoPresidente #RodolfoPresidente,Tue Apr 26 15:16:20 +0000 2022,['Petro']
742,ingrodolfohdez,"En Colombia el cÃ³digo de procedimiento penal, cuando son delitos contra la administraciÃ³n pÃºblica, es garantista para los ladrones, por eso esos procesos duran aÃ±os. Yo digo que hay que acabar con la impunidad y para hacerlo hay que modificar el cÃ³digo de procedimiento penal.",Fri Apr 22 20:28:53 +0000 2022,['ladron']
744,ingrodolfohdez,"Tenemos que reactivar a los campesinos, entregarles plata para que hayan cierres financieros y puedan competir con el mercado internacional. #AEstaHora en entrevista con el periÃ³dico @ElUniversalCtg",Fri Apr 22 20:25:51 +0000 2022,['plata']
750,ingrodolfohdez,Recoger las chequeras que tienen todos los ladrones en el Estado. Es concentrar el dinero en forma transparente y eficiente para poder meterle plata a este proyecto de â€˜Colombia mayorâ€™. #AEstaHora #EnVivo en el #CongresoAsofondosFiap,Fri Apr 22 17:36:31 +0000 2022,"['ladron', 'plata']"
754,ingrodolfohdez,"Si usted inyecta plata en la base, la economÃ­a se mueve porque hay consumo, hay demanda, hay transformaciÃ³n, hay logÃ­stica. #AEstaHora #EnVivo en el #CongresoAsofondosFiap",Fri Apr 22 17:32:23 +0000 2022,['plata']
757,ingrodolfohdez,"El problema es que el presidente que gane se apelota, porque llegan allÃ¡ y hacen totalmente lo contrario a lo que prometieron en campaÃ±a. Dicen una cosa y cuando tienen el poder que le dimos nosotros a travÃ©s del voto, hacen todo completamente diferente.  #CongresoAsofondosFiap",Fri Apr 22 17:29:07 +0000 2022,['campaÃ±a']
776,ingrodolfohdez,"Petro va a las notarÃ­as, Fico va a la Picota y yo voy a la plaza donde estÃ¡ el pueblo. ğŸ’›ğŸ’™ 

#RodolfoPresidente #RodolfoHernandez",Wed Apr 20 16:36:40 +0000 2022,['Petro']
791,ingrodolfohdez,#UnaTrampaEs hacernos creer que Petro y Fico son las Ãºnicas dos opciones #RodolfoPresidente,Mon Apr 18 14:18:42 +0000 2022,['Petro']
797,ingrodolfohdez,@AProgresista_ @PactoCol @petrogustavo @FranciaMarquezM @Margaritarosadf @CamiloRomero @sergio_fajardo @NT24co @AntanasMockus AsÃ­ es,Fri Apr 15 17:01:46 +0000 2022,['petro']
799,ingrodolfohdez,"Si gana Petro o Fico esta serÃ¡ de las Ãºltimas semanas donde el ayuno serÃ¡ por convicciÃ³n, los otros serÃ¡n por escasez. El campo necesita apoyo para volver y alimentarnos de lo que producimos ğŸ‘©ğŸ»â€ğŸŒ¾ğŸ™ŒğŸ»

#RodolfoHernandez #RodolfoPresidente #LigaAnticorrupcion #Elecciones2022",Thu Apr 14 22:05:47 +0000 2022,['Petro']
802,ingrodolfohdez,"Con la confusa aclaraciÃ³n de Petro, el ""perdÃ³n social"" acaba de entrar a la misma categorÃ­a que la ""economÃ­a naranja"" de Duque. #RodolfoPresidente",Thu Apr 14 14:17:28 +0000 2022,['Petro']
808,ingrodolfohdez,@EleccionesCol22 @FicoGutierrez @petrogustavo @ColombiaHumana_ @PactoCol @soyconservador @partidodelaucol Por mÃ­ ğŸ‘†ğŸ¼,Wed Apr 13 17:30:32 +0000 2022,['petro']
809,ingrodolfohdez,"#Reflexionemos
 @petrogustavo: El perdÃ³n se gana, no se regala.",Wed Apr 13 13:50:34 +0000 2022,['petro']
821,ingrodolfohdez,"Con @sergio_fajardo tenemos grandes diferencias, pero no estamos de acuerdo con el ataque que le estÃ¡n haciendo algunos medios cercanos a otras campaÃ±as. AsÃ­ no se construye la democracia.",Sat Apr 09 18:41:23 +0000 2022,['campaÃ±a']
828,ingrodolfohdez,"El recorte al despilfarro del gobierno permitirÃ¡ que, con esa plata, paguemos la deuda que tienen los muchachos de los estratos 1 y 2 con el ICETEX.

#RodolfoPresidente #RodolfoHernandez #LigaAnticorrupcion #Elecciones2022 #ElPaÃ­sQuePropone",Fri Apr 08 18:00:34 +0000 2022,['plata']
831,ingrodolfohdez,"Es deber del presidente velar por la plata que usted paga y tiene que respetarla para poder generar un impacto en el mejoramiento de vida de los colombianos.  

#RodolfoPresidente #RodolfoHernandez #LigaAnticorrupcion #Elecciones2022 #ElPaÃ­sQuePropone",Fri Apr 08 17:40:15 +0000 2022,['plata']
836,ingrodolfohdez,"Ahorita este jueves santo, que se supone que es de rezar, se siguen robando la plata de los colombianos. ğŸ™„

#RodolfoPresidente #RodolfoHernandez #LigaAnticorrupcion #Elecciones2022",Fri Apr 08 17:10:00 +0000 2022,['plata']
840,ingrodolfohdez,"Hay que sacar a los ladrones para generar trabajo y bienestar a toda la cadena de gente que trabaja, gana muy poquito y le toca durÃ­simo. 

#RodolfoPresidente #RodolfoHernandez #LigaAnticorrupcion #Elecciones2022",Fri Apr 08 17:07:27 +0000 2022,['ladron']
841,ingrodolfohdez,"Hay que sacar a los ladrones para generar trabajo y bienestar a toda la cadena de gente que trabaja, gana muy poquito y le toca durÃ­simo. 

#RodolfoPresidente #RodolfoHernandez #LigaAnticorrupcion #Elecciones2022",Fri Apr 08 17:05:45 +0000 2022,['ladron']
845,ingrodolfohdez,"Todas las manifestaciones que los partidos polÃ­ticos hacen en Colombia son con plata robada. Mi objetivo es romper eso, porque sino lo hacemos, seguiremos de pobre. 

#RodolfoPresidente #RodolfoHernandez #LigaAnticorrupcion #Elecciones2022",Fri Apr 08 16:55:34 +0000 2022,['plata']
856,ingrodolfohdez,"#NoEntiendo cÃ³mo con la plata de los colombianos se pagan los lujos de los del copete, pero el Gobierno dice que no hay plata para invertir en darles a todos una vida digna. #RodolfoPresidente 

#RodolfoHernandez #FelizJueves #ProgresistaSigueProgresista",Thu Apr 07 11:59:58 +0000 2022,"['plata', 'plata']"
872,ingrodolfohdez,"De otra campaÃ±a presidencial estÃ¡n utilizando a la FiscalÃ­a, con la colaboraciÃ³n de algunos medios, para tratar de destruir mi candidatura presidencial. HiloğŸ§µ",Tue Apr 05 18:06:43 +0000 2022,['campaÃ±a']
891,ingrodolfohdez,"Nos vemos esta noche a las 10:00 p.m. con @LaTele_Letal en @RedMasNoticias, para que disfruten la cara de @MdeFrancisco12 tratando de domar su petrista internoğŸ˜‚ y dejÃ¡ndose seducir por mi filosofÃ­a polÃ­tica: No robar, no mentir, no traicionarğŸ˜ https://t.co/LzLE64IGjE",Mon Mar 28 15:00:42 +0000 2022,['robar']
892,ingrodolfohdez,"#UnaBofetada es lo que nos han dado los politiqueros corruptos haciÃ©ndonos creer que pueden cambiar el paÃ­s cuando estÃ¡n en campaÃ±a, pero despuÃ©s ğŸ¤¡

#RodolfoHernandez #Oscars #WillSmith #FelizLunes #Elecciones2022",Mon Mar 28 12:52:07 +0000 2022,['campaÃ±a']
896,ingrodolfohdez,"A mÃ­ me bendice el PapağŸ™ğŸ». A Petro y a Fico, los polÃ­ticos tradicionalesğŸ¤·ğŸ¼. 

Nota completa ğŸ“²@elespectador 
https://t.co/O5j0kNjc0T 

#RodolfoHernandez #Presidencia 
#Elecciones2022 #Colombia #ElPapa #spreaket",Fri Mar 25 15:41:53 +0000 2022,['Petro']
915,ingrodolfohdez,"â€œRodolfo Supera a Petro, Fajardo y Ficoâ€œ

#LigaAnticorrupcion #RodolfoHernandez https://t.co/riUhmbhZhr",Tue Mar 15 00:53:18 +0000 2022,['Petro']
916,ingrodolfohdez,"Doctor @AABenedetti , el del alzheimer es otro que se le olvida de donde es que se roba la plata. Yo con mucho gusto me hago el examen fÃ­sico, pero usted somÃ©tase al polÃ­grafo Â¡el que nada debe, nada teme! 

#RodolfoHernandez #LigaAnticorrupcion #Benedetti https://t.co/2rR6E5Oelq",Mon Mar 14 19:43:47 +0000 2022,['plata']
923,ingrodolfohdez,"No me parezco a Petro.

#LigaAnticorrupcion #RodolfoHernandez https://t.co/8Tt4q4GhI9",Sat Mar 05 21:58:35 +0000 2022,['Petro']
931,ingrodolfohdez,"No he autorizado, ni estoy haciendo recolecciÃ³n de dinero para apoyar mi campaÃ±a a la Presidencia de la RepÃºblica.

#LigaAnticorrupcion
#RodolfoHernandez https://t.co/OzhFs958DU",Fri Feb 25 14:51:33 +0000 2022,['campaÃ±a']
940,ingrodolfohdez,Vamos a quitarle â€œ la chequera â€œ a todos los ladrones politiqueros Â¡Conmigo no se roba mÃ¡s! https://t.co/GbRzJYPw2q,Thu Feb 17 19:53:40 +0000 2022,['ladron']
945,ingrodolfohdez,"Comunicado de prensa de la campaÃ±a de Rodolfo HernÃ¡ndez

Â¡RIDÃCULO! https://t.co/hjqzbs3wLm",Sat Feb 12 23:20:12 +0000 2022,['campaÃ±a']
946,ingrodolfohdez,"Â¿Le vamos a entregar la chequera a Petro? La sorpresa que se van a llevar los politiqueros va a ser monumental. 

#RodolfoHernandez #LigaAnticorrupcion https://t.co/HrGhN1ZS7d",Thu Feb 10 15:43:46 +0000 2022,['Petro']
949,ingrodolfohdez,Ni Uribe Ni Petro https://t.co/RY9kQvjzmB,Wed Feb 09 12:56:35 +0000 2022,['Petro']
966,ingrodolfohdez,"Si nosotros nos quitamos los ladrones de encima, esto se salva. Como dijo PÃ©rez Esquivel: ""los pobres no duermen porque tienen hambre, los ricos no duermen porque le tienen miedo a los pobres Â¿CÃ³mo hacemos para que los pobres y ricos podamos dormir bien?"" 

#SemanaTV #YoVotoPor https://t.co/EsZp0nP76r",Tue Jan 25 18:23:52 +0000 2022,['ladron']
969,ingrodolfohdez,Usted es un mentiroso y farsante @FicoGutierrez #SemanaTV #YoVotoPor #ColombiaVotaPor #RodolfoHernandez #LigaAnticorrupcion https://t.co/TRWIlMgVNA,Tue Jan 25 16:56:50 +0000 2022,['mentiroso']
970,ingrodolfohdez,"La base de mi campaÃ±a serÃ¡ sacar a todos los ladrones del gobierno, esa es la mejor reforma tributaria. 
#SemanaTV #YoVotoPor #ColombiaVotaPor #RodolfoHernandez #LigaAnticorrupcion",Tue Jan 25 16:30:20 +0000 2022,"['campaÃ±a', 'ladron']"
992,ingrodolfohdez,"Lo reto doctor @petrogustavo, a ver si es tan machito.

https://t.co/LuY5Nji5hD",Tue Jan 11 21:31:03 +0000 2022,['petro']
1001,ingrodolfohdez,"Todo eso de las consultas es para sacarla plata al Gobierno Â¡Yo no hago eso! 

#RodolfoHernandez #LigaAnticorrupcion https://t.co/Am7aXdfjBJ",Fri Jan 07 16:31:47 +0000 2022,['plata']
1002,ingrodolfohdez,"#NoMas de lo mismo. Si seguimos votando por politiqueros ladrones esto no lo ataja nadie. Â¡Colombianos, recuerden que el 2022 es la hora del Colombia!ğŸ‡¨ğŸ‡´

#RodolfoHernandez #LigaAnticorrupcion",Fri Jan 07 13:49:00 +0000 2022,['ladron']
1007,ingrodolfohdez,"Colombia no necesita mÃ¡s reformas tributarias, lo que necesita es menos ladrones ğŸ‘‡ğŸ¼ğŸ‡¨ğŸ‡´ | Entrevista con @BluRadioCo en MaÃ±anas BluğŸ“» @ZuluagaCamila  
#RodolfoHernandez #LigaAnticorrupcion https://t.co/chWt6Wpmfe",Mon Jan 03 20:25:13 +0000 2022,['ladron']
1012,ingrodolfohdez,"Doctor @petrogustavo para conectar con la gente se necesita mucho mÃ¡s que redes y para saber administrar, mÃ¡s que 40 aÃ±os en polÃ­tica. https://t.co/2hR509iS6f",Thu Dec 23 20:02:01 +0000 2021,['petro']
1024,ingrodolfohdez,"Me hicieron llegar este video a la redğŸ‘†ğŸ». De la plata de los colombianos se gastan millones de pesos en pistolas, guardaespaldas y camionetas protegiendo a los ladrones de cuello blanco mÃ¡s grandes del paÃ­s Â¿y yo? Sin miedo al Ã©xitoğŸ˜

#RodolfoHernandez #LigaAnticorrupcion https://t.co/60hiYbVIZU",Fri Dec 17 20:18:40 +0000 2021,"['plata', 'ladron']"
1050,ingrodolfohdez,"Si no robar, no mentir, no traicionar, cero impunidad y defender a los colombianos es estar loco Â¡sÃ­, estoy loco! 

#RodolfoHernandez #LigaAnticorrupcion https://t.co/i0nKhcyiKE",Sat Dec 04 13:14:01 +0000 2021,['robar']
1066,ingrodolfohdez,"Los transportadores de carga en #Colombia necesitan un gobierno q se preocupe por mejorar la infraestructura vial del paÃ­s, para poder impulsar la competitividad. Ya es hora de q dejen de robarse la plata q, pagamos en los peajes y se empiecen a invertir de vdd. #45aÃ±oscolfecar https://t.co/k9fJTN6wUL",Thu Nov 25 23:07:46 +0000 2021,"['robar', 'plata']"
1076,ingrodolfohdez,"Todo aquel que se robe desde una aguja hasta 10.000 millones de dÃ³lares de la plata de los colombianos, se va para la cÃ¡rcel sin distinciÃ³n alguna. #RodolfoHernandez #LigaAnticorrupcion https://t.co/XzJoD7hqy3",Fri Nov 19 18:27:02 +0000 2021,['plata']
1118,ingrodolfohdez,No es poner mÃ¡s plata para mejorar el servicio de salud #Elecciones2022 #YoVotoPor #RodolfoHernandezEs  #SemanaTv https://t.co/Fbo0jt2jBR,Mon Nov 08 01:04:39 +0000 2021,['plata']
1121,ingrodolfohdez,"Entre mÃ¡s plata tenga en el bolsillo los colombianos, mejor nos va a los industriales, a los que producimos, pero los politiqueros se han dedicado a robarle al pueblo colombiano #ElDebate #Elecciones2022 #YoVotoPor #SemanaTv #RodolfoHernandezEs",Mon Nov 08 00:44:13 +0000 2021,"['plata', 'robar']"
1125,ingrodolfohdez,"Una polÃ­tica neoliberal encabezada por CÃ©sar Gaviria Trujillo acabÃ³ con el campo y lo que se necesita es aplicar plata al campo con subsidios, pero no regalando plata sino equilibrando costos #ElDebate #Elecciones2022",Mon Nov 08 00:11:27 +0000 2021,"['plata', 'plata']"
1132,ingrodolfohdez,"Yo NO #estoyconpetro ni con nadie, mi coaliciÃ³n es con los colombianos y en primera vuelta voy a arrasar con todossss.

#felizsabado
#IngRodolfo",Sat Nov 06 12:25:19 +0000 2021,['petro']
1142,ingrodolfohdez,"La #InseguridadEs una consecuencia de haber elegido bandidos y ladrones durante mÃ¡s de 30 aÃ±os, se robaron el futuro de las nuevas generaciones y nos dejaron caos, miseria y desolaciÃ³n.

#IngRodolfo
#SomosVÃ­ctimasDe",Thu Nov 04 12:01:25 +0000 2021,"['ladron', 'robar']"
1146,ingrodolfohdez,Mi Ãºnica coaliciÃ³n serÃ¡ con los colombianos. Gracias por la invitaciÃ³n @petrogustavo pero #UnCompletoDescaroEs que sigan engaÃ±ando a los colombianos con el cuentico de las coaliciones. https://t.co/9wIknlV4EZ,Wed Nov 03 13:47:23 +0000 2021,['petro']
1165,ingrodolfohdez,"Â¡De esta clase de politiqueros, mentirosos triple redomados es que en #Colombia estamos mamados! | #IngRodolfo https://t.co/pkDzknV7mY",Wed Oct 20 15:03:53 +0000 2021,['mentiroso']
1178,ingrodolfohdez,"En el Ministerio hay un poco de funcionarios ladrones metidos por polÃ­ticos. Son unos ladrones redomados. #AEstaHorağŸ”´ En ""Hable con El Ingeniero""",Tue Sep 28 01:58:03 +0000 2021,"['ladron', 'ladron']"
1188,ingrodolfohdez,"AquÃ­ no queremos ladrones que se camuflan, se visten de Madres Teresa de Calcuta y de Papas Francisco. #AEstaHorağŸ”´ En ""Hable con El Ingeniero""",Tue Sep 28 01:25:32 +0000 2021,['ladron']
1191,ingrodolfohdez,"Los candidatos creen en la polÃ­tica a la vieja usanza. Recogiendo plata de los polÃ­ticos, de todos los empresarios y en las elecciones repetir esa macabra acciÃ³n que hacen que es la compra de votos. #AEstaHorağŸ”´ En ""Hable con El Ingeniero""",Tue Sep 28 01:13:28 +0000 2021,['plata']
1199,ingrodolfohdez,"""Se puede trabajar si se pone gente honrada a que administre la plata de Colombia"" #AEstaHora en rueda de prensa ğŸ™ï¸ desde #BogotÃ¡.",Fri Sep 24 13:33:30 +0000 2021,['plata']
1219,ingrodolfohdez,"""Los politiqueros que nos gobiernan hace mas de 30 aÃ±os se han adueÃ±ado de nuestro sistema de salud y lo han convertido en un negocio, donde la plata es mÃ¡s importante que la vida"" #AEstaHora ğŸ”´ en Hable con El Ingeniero",Tue Sep 21 01:28:42 +0000 2021,['plata']
1249,ingrodolfohdez,"""El abandono es la consecuencia y cuÃ¡l es la causa. La causa es que estamos siendo gobernados por politiqueros ladrones que hacen negocio para beneficiar su patrimonio individual"" | #AEstaHora ğŸ”´ - en #HableConElIngeniero",Tue Sep 14 01:31:02 +0000 2021,['ladron']
1258,ingrodolfohdez,"""Saque a todos esos ladrones corruptos paâ€™ la calleâ€ me dice la gente mientras recorro #Valledupar, eso son sentimientos y si hay sentimientos hay verdades. | #IngRodolfo #YoSoyRodolfista https://t.co/cK4BYolhBJ",Fri Sep 10 19:56:40 +0000 2021,['ladron']
1262,ingrodolfohdez,"""Yo no me preocupo por lo que suba o baje #Petro, me preocupo por conocer todos los municipios de #Colombia y una vez me conozcan, decidan si le entregan la chequera a @petrogustavo o a Rodolfo HernÃ¡ndez"" -  #AEstaHoraEnVivoğŸ”´ con @VickyDavilaH en @RevistaSemana ğŸ™ï¸ https://t.co/xSsBekCt7c",Thu Sep 09 17:33:16 +0000 2021,"['Petro', 'petro']"
1264,ingrodolfohdez,"""El politiquero ladrÃ³n elige a quien robar y el ciudadano, a quien lo roba Â¡ESO SE TIENE QUE ACABAR!"" #AEstaHoraEnVivoğŸ”´ en Rueda de PrensağŸ™ï¸ desde #Valledupar.",Thu Sep 09 16:55:38 +0000 2021,['robar']
1269,ingrodolfohdez,"@LigaGobernantes @El_Pilon @TuValledupar @CacicaStereo @ElBochincheVpar @RadNalCo @elpoligrafo1 @ATLinnovacion @rcnradio @HELIODOPTERO @RevistaSemana ""El tema de Colombia no es otro, que los politiqueros se estÃ¡n robando la plata a toneladas""  #AEstaHoraEnVivo en Rueda de Prensa desde #Valledupar.",Thu Sep 09 16:30:06 +0000 2021,['plata']
1271,ingrodolfohdez,"Si @vanguardiacom estÃ¡ preocupada por mi campaÃ±a, deberÃ­a estarlo por #Bucaramanga y sus gobernantes. La inseguridad estÃ¡ por las nubes, se roban hasta una escupida y no se puede ni salir a comer pa' ayudar a los que se estÃ¡n quebrando. Â¿Y los concejales? Calladitos. https://t.co/1Gjy73iQEd",Tue Sep 07 19:35:59 +0000 2021,['campaÃ±a']
1292,ingrodolfohdez,"â€œMientras la corrupciÃ³n se robe la plata de la inversiÃ³n, el desempleo subirÃ¡â€ #AEstaHora ğŸ”´ en #RuedaDePrensa desde San Gil. https://t.co/61TZpksvt5",Fri Sep 03 14:27:42 +0000 2021,['plata']
1299,ingrodolfohdez,"""Escuchen colombianos, el presidente @IvanDuque  se tira 4,350,000,000 de pesos diarios. ImagÃ­nense el derroche de plata tan berraco que hay"" #AestaHorağŸ”´ en @TvOrinoquia",Thu Sep 02 12:37:22 +0000 2021,['plata']
1305,ingrodolfohdez,"""Los polÃ­ticos se roban la plata y ponen a los muchachos a pagar el estudio que el Estado les deberÃ­a dar"" - El #IngRodolfo a esta hora en #5MinutosConElIngeniero",Wed Sep 01 21:19:48 +0000 2021,['plata']
1315,ingrodolfohdez,"""Eso es mejor darle la plata de PAE a la mamÃ¡ de los niÃ±os"" #IngRodolfo en ""Hable con El Ingenieroâ€ #95",Tue Aug 31 01:34:38 +0000 2021,['plata']
1324,ingrodolfohdez,"â€œEsa plata no es para mÃ­, es para atender a los gastos que se van a generar en cada una de las campaÃ±as en los departamentos en CÃ¡mara y Senadoâ€ -#IngRodolfo en â€œHable con El Ingenieroâ€ #95",Tue Aug 31 01:12:13 +0000 2021,"['plata', 'campaÃ±a']"
1325,ingrodolfohdez,"â€œLa plata que se pide a cÃ¡mara y senado es una pÃ³liza de seguridad, una pÃ³liza de cumplimiento. Yo no puedo seguir pagando histÃ³ricamente todos los gastos que genere para ser elegido senador o representante a la cÃ¡mara por cualquiera de los departamentos""  -#IngRodolfo",Tue Aug 31 01:11:25 +0000 2021,['plata']
1336,ingrodolfohdez,"""El que compra votos para llegar, llega a robar"" - #IngRodolfo",Wed Aug 25 21:21:09 +0000 2021,['robar']
1347,ingrodolfohdez,#RodolfoHernandezSuperaAPetro https://t.co/zQMtcHuDOi,Mon Aug 23 16:43:34 +0000 2021,['Petro']
1356,ingrodolfohdez,"""Â¿QuÃ© es una #ReformaTributaria ?Quitarle la plata al sector productivo y entregÃ¡rsela a los politiqueros para que sigan robando"" #IngRodolfo a esta hora en entrevista con @VickyDavilaH en @RevistaSemana .",Wed Aug 18 17:55:48 +0000 2021,['plata']
1379,ingrodolfohdez,"Â¡QUINDIANOS! @LigaGobernantes ğŸ‘ˆğŸ¼ es nuestro movimiento significativo de cuidadanos que al igual que yo, tienen la filosofia de: No robar, No mentir, No traicionar y Cero Impunidad. #IngRodolfo.",Thu Aug 12 17:24:29 +0000 2021,['robar']
1395,ingrodolfohdez,"@marianapajon y @RamirezBmx Â¡Son unos berracos estos muchachos! Gracias por regalarle a los colombianos esta inmensa alegrÃ­a 

#Tokio2022 #JuegosOlimpicos #plata #OrgulloColombiano https://t.co/etWnrvTYbK",Fri Jul 30 04:48:10 +0000 2021,['plata']
1400,ingrodolfohdez,"Â¡Lo advertÃ­ desde hace un aÃ±o! Esta familia de bandidos se han hecho elegir con plata robada y han traicionado a los electores, espero que la justicia actÃºe pronto con @MAguilarHurtado por que con @RICHARDAGUILARV se demoraron 7 aÃ±os y medio en hacer una suma. https://t.co/NySno90hx3",Wed Jul 28 13:33:11 +0000 2021,['plata']
1402,ingrodolfohdez,#SalvemosA los colombianos de las manos de mentirosos y corruptos que nos gobiernan hace mÃ¡s de 30 aÃ±os. #IngRodolfo,Tue Jul 27 12:16:48 +0000 2021,['mentiroso']
1405,ingrodolfohdez,Â¿QuÃ© es una #ReformaTributaria ? Â¡Quitarle la plata a los mÃ¡s pobres y dÃ¡rsela a los polÃ­ticos para que se la roben! #IngRodolfo https://t.co/SSmhkWwhko,Wed Jul 14 16:38:10 +0000 2021,['plata']
1468,ingrodolfohdez,Adhiero a las manifestaciones de @sergio_fajardo y @petrogustavo sobre la necesidad de establecer un diÃ¡logo democrÃ¡tico sin agresiones ni violencia de todos los sectores progresistas que quieren construir una nueva polÃ­tica y una nueva democracia sin exclusiones ni odios https://t.co/TzD80UJ6uc,Tue May 18 18:41:33 +0000 2021,['petro']
1486,ingrodolfohdez,"Estos incendios sociales no se apagan echando bala y quieren atacar las consecuencias porque las causas son ellos: esta casta de ladrones impunes que nos gobierna solo para mantener los privilegios, los lujos y el despilfarro que ha desangrado al paÃ­s hace mÃ¡s de 30 aÃ±os.",Tue May 04 19:30:14 +0000 2021,['ladron']
1489,ingrodolfohdez,"Lo que pasa en Cali, MedellÃ­n, BogotÃ¡ y toda Colombia es la consecuencia de haber votado por atracadores y ladrones que solo les importa sus intereses personales. #ColombiaResiste #ParoIndefinido",Sat May 01 15:27:52 +0000 2021,['ladron']
1493,ingrodolfohdez,Â¡Que tal! Los concejales de #Floridablanca exigiendo que no se les diga ladrones ni atracadores cuando son los ciudadanos del pueblo quienes lo dicen. Estos politiqueros nos amenazan con callarnos. Les informamos que aquÃ­ todos estamos listos para darnos esta lucha por la gente. https://t.co/e24eBv0H2c,Tue Apr 27 16:35:38 +0000 2021,['ladron']
1505,ingrodolfohdez,ResultÃ³ @JDCavanzoOrtiz mÃ¡s mentiroso que @JCardenasRey https://t.co/jstRJHRXT6,Wed Apr 07 21:36:54 +0000 2021,['mentiroso']
1508,ingrodolfohdez,"â€œNo me voy a Aliar con ladrones, me voy a Aliar con el puebloâ€œ Rodolfo HernÃ¡ndez, un fenÃ³meno electoral.
Leer ğŸ‘‡ğŸ¼
https://t.co/TCnOn0Waba",Tue Apr 06 19:42:21 +0000 2021,['ladron']
1544,ingrodolfohdez,"Si seguimos eligiendo ladrones, pueden hacer todo las reformas tributarias que quieran que ninguna plata les alcanza. Â¡Pobre Colombia! 

https://t.co/tcn4ghVFvq",Tue Mar 09 16:49:51 +0000 2021,"['ladron', 'plata']"
1571,ingrodolfohdez,#EsNuestraCulpaQue nos sigan gobernando politiqueros ladrones y los pobres sean cada dÃ­a mas pobres.,Wed Feb 24 14:01:02 +0000 2021,['ladron']
1573,ingrodolfohdez,Hoy me hicieron una muy grata invitaciÃ³n a la inauguraciÃ³n de la Liga de Baloncesto de #Santander Â¡Talento deportivo es lo que tenemos en este paÃ­s! LÃ¡stima que los polÃ­ticos se roban la plata y los escenarios deportivos son una vergÃ¼enza Â¿Vamos  a seguir votando por ellos? https://t.co/ToeyJTBoaE,Wed Feb 24 01:20:07 +0000 2021,['plata']
1607,ingrodolfohdez,â€œMe lanzo a la presidencia porque soy capaz de acabar con la ladroneraâ€ @RevistaSemana https://t.co/eou30zo8VE,Sun Feb 07 16:25:41 +0000 2021,['ladron']
1674,ingrodolfohdez,"Cuando no se roban la plata, se puede invertir en escenarios de talla mundial para que nuestros deportistas tambiÃ©n tengan la oportunidad de ser de talla mundial. https://t.co/5e8UK6GNtP",Thu Oct 29 15:53:14 +0000 2020,['plata']
1686,ingrodolfohdez,"@JCardenasRey SerÃ­a bueno q aclarara q de las 100 obras q usted dice q estÃ¡n entregando, todas son de mi admÃ³n, no algunas. TambiÃ©n debe decir q le dejamos el 100% de la plata como reserva presupuestal liquida para atender al pago de las mismas. Lo invito a hacer la aclaraciÃ³n respectiva.",Thu Oct 08 17:19:19 +0000 2020,['plata']
1696,ingrodolfohdez,"Yo tengo enormes diferencias con @JuanManSantos y @petrogustavo, no comparto para nada la manera de ver el paÃ­s Â¡Pero los respeto porque eso es la democracia! Los respeto porque son compatriotas descalificados por un jefe de estado extranjero.",Tue Sep 29 01:14:33 +0000 2020,['petro']
1697,ingrodolfohdez,"@RevistaSemana @MAndreaNieto Yo tengo enormes diferencias con Santos y Petro, no comparto para nada la manera de ver el paÃ­s, pero los respeto! Los respeto por que son compatriotas descalificados por un jefe de estado extranjero, y los respeto porque eso es la democracia!",Tue Sep 29 01:07:20 +0000 2020,['Petro']
1719,ingrodolfohdez,El Presidente sigue de comentarista en la televisiÃ³n como si estuviera en campaÃ±a para las eleccionesâ€¦ hay que avisarle que las elecciones ya pasaron y que ya lleva dos aÃ±os de gobierno.,Thu Aug 20 00:10:42 +0000 2020,['campaÃ±a']
1726,ingrodolfohdez,"Claro q hay q modificar la constituciÃ³n! la constituciÃ³n actual, antes los favorece, pq el voto no es obligatorio y vota menos gente! eso es lo q hay q modificar de nuestra constituciÃ³n! con el voto obligatorio se les termina el imperio a toda esta ladronera!",Sun Aug 16 15:01:56 +0000 2020,['ladron']
1739,ingrodolfohdez,"Ponen a la senadora Paloma Valencia, de paloma mensajera a decir cosas que ellos no se animan, ellos quieren una justicia que no actÃºe, que no investigue, que no mande a la cÃ¡rcel a toda esa ladronera impune que ha tomado por asalto los recursos pÃºblicos de Colombia.",Thu Aug 13 11:01:25 +0000 2020,['ladron']
1783,ingrodolfohdez,"Â¿QuÃ© harÃ­a yo, en esta emergencia? lo primero que harÃ­a con esos 43 billones es poner plata en el bolsillo de la gente, Â¿quÃ© comprarÃ­a la gente con esa plata? pues comida! medicamentos! ropa! y eso es lo que realmente moverÃ­a la economÃ­a, no los electrodomÃ©sticosâ€¦",Sun Jul 12 11:01:33 +0000 2020,"['plata', 'plata']"
1790,ingrodolfohdez,@IvanDuque Â¿por quÃ© en lugar de darle plata a los hospitales le da plata a los intermediarios financieros?,Fri Jul 10 15:02:25 +0000 2020,"['plata', 'plata']"
1791,ingrodolfohdez,"La economÃ­a se reactiva, promoviendo el consumo de alimentos y ropa, no de electrodomÃ©sticos importados, la economÃ­a se reactiva de abajo hacia arriba protegiendo a los Colombianos mÃ¡s vulnerables con la #RBU, la economÃ­a se reactiva poniendo plata en el bolsillo de la gente.",Fri Jul 10 11:01:28 +0000 2020,['plata']
1799,ingrodolfohdez,"Mientras que: â€œNo robar, No mentir, No traicionarâ€ no sea el pan de cada dÃ­a esto no lo arregla nadie.",Tue Jul 07 17:46:49 +0000 2020,['robar']
1825,ingrodolfohdez,"El Procurador se ha dedicado a perseguirme porque digo las cosas como son; porque como Alcalde denunciÃ© con nombre y apellido, de frente y sin miedo a toda la ladronera politiquera de Santander.",Thu Jun 18 14:20:23 +0000 2020,['ladron']
1837,ingrodolfohdez,"Para q sirven los 3 dÃ­as sin IVA si nadie va a poder comprar nada? para q sirven los 3 dÃ­as sin IVA sin prima? todo al revÃ©s! en lugar de impulsar el consumo, se le quita la plata de la prima a la gente, hÃ¡game el favor!!!!",Sun Jun 14 23:01:51 +0000 2020,['plata']
1847,ingrodolfohdez,"A pesar del robo salvaje q ha sufrido Colombia durante aÃ±os, todavÃ­a hay en las arcas recursos suficientes para aplicar la #RBU, si no lo hacen es pq no quieren! o pq siguen esperando q llueva plata de arriba para abajo, algo q no pasÃ³ nunca y mucho menos va a pasar ahora.",Fri Jun 12 11:01:46 +0000 2020,['plata']
1849,ingrodolfohdez,"Se han robado lo q produjeron los Colombianos en los Ãºltimos 20 aÃ±os, se robaron varios PIB, se robaron los millones de dÃ³lares q pidieron a la Banca Multilateral y tambiÃ©n se van a robar los 11 mil millones q ahora le solicitan al Fondo Monetario Internacional, sin vergÃ¼enzas!!!",Thu Jun 11 15:10:26 +0000 2020,"['robar', 'robar', 'robar']"
1851,ingrodolfohdez,"@IvanDuque deje las recetas neoliberales de lado, el Ãºnico remedio para la reactivaciÃ³n es poner plata en el bolsillo de la gente!!! con la RBU - Renta BÃ¡sica Universal",Thu Jun 11 11:05:24 +0000 2020,['plata']
1854,ingrodolfohdez,"La plata no escurre de arriba para abajo, la plata brota! brota de abajo para arriba, la plata en el bolsillo de la gente es un brote que hace florecer el consumo, si florece el consumo, si se reactiva el consumo. #EstadoDeBienestar",Wed Jun 10 15:02:00 +0000 2020,"['plata', 'plata', 'plata']"
1855,ingrodolfohdez,"Sin consumo no hay producciÃ³n, sin consumo no hay reactivaciÃ³n, sin consumo no hay economÃ­aaaaaaaaaa!!!!!!!! Sr. Presidente @IvanDuque no espere que llueva plata de los ricos y les llegue a los pobres, es mÃ¡s fÃ¡cil que llueva cafÃ© que plata!!!",Wed Jun 10 11:01:04 +0000 2020,"['plata', 'plata']"
1857,ingrodolfohdez,"Fui el primero en lanzar la propuesta de la RBU (Renta BÃ¡sica Universal) a la que ahora se suma el partido verde y hasta el presidente de la ANDI,  pero el Presidente @IvanDuque no escucha o no entiende, sigue dandole plata a los ricos!",Tue Jun 09 15:01:14 +0000 2020,['plata']
1865,ingrodolfohdez,"Es muy triste para los Colombianos saber que nos han mentido, saber que nos han manipulado. Â¡No robar, No mentir y No traicionar, de eso se trata Colombia!",Sat Jun 06 11:00:56 +0000 2020,['robar']
1875,ingrodolfohdez,"Hilo | La semana pasada puse en la mesa mi propuesta: El #RetoDemocrÃ¡tico2022, si los Colombianos quieren salir de esta dictadura de la corrupciÃ³n, deben salir primero de los que financian sus campaÃ±as â¬‡",Tue Jun 02 17:20:02 +0000 2020,['campaÃ±a']
1880,ingrodolfohdez,"Â¿CuÃ¡les son las consecuencias de tener en el poder a politiqueros con campaÃ±as financiadas? lo que el #Coronavirus estÃ¡ destapando y poniendo a la vista de todos: No tenemos hospitales, No tenemos agua potable, No tenemos unidades de cuidados intensivos, No tenemos respiradoresâ€¦",Sun May 31 11:01:04 +0000 2020,['campaÃ±a']
1882,ingrodolfohdez,"Â¡El neoliberalismo no tiene nada de liberal! el neoliberalismo es una cÃ¡rcel que aprisiona a la economÃ­a informal, y los carceleros son la ladronera politiquera y corrupta! ellos son los que aseguran el â€œsistemaâ€",Sat May 30 11:30:24 +0000 2020,['ladron']
1888,ingrodolfohdez,"La reforma laboral es dividir el trabajo reduciendo horas y salarios para mostrar que se generan nuevos empleos y en realidad, se estÃ¡ reduciendo el empleo que ya existe, Â¡una farsa! un compromiso del gobierno con los que les financian las campaÃ±as. Â¡No tienen escrÃºpulos!",Wed May 27 15:30:44 +0000 2020,['campaÃ±a']
1889,ingrodolfohdez,"Â¿La reforma laboral es otra de las solicitudes de los q financian las campaÃ±as polÃ­ticas?, es reducir hrs de trabajo como propuso  @AlvaroUribeVel ?, Uribe tira la piedra y esconde la mano: dice reducir hrs pero no dice q tambiÃ©n significa reducir salarios y prestaciones!",Wed May 27 00:09:36 +0000 2020,['campaÃ±a']
1890,ingrodolfohdez,"He leÃ­do que @FenalcoNacional estÃ¡ solicitando la suspensiÃ³n del pago de la prima, Â¿suspender la prima?Â¿como asÃ­? Â¿de dÃ³nde sale esa idea?. Â¡Cuando mÃ¡s se necesita poner plata en el bolsillo de la gente lo que se estÃ¡ proponiendo es quitarsela!
#IngRodolfoHernandez",Tue May 26 15:00:57 +0000 2020,['plata']
1932,ingrodolfohdez,"Estimado Gustavo, mucha energÃ­a
@petrogustavo https://t.co/JsVKdKYjvE",Tue Apr 14 21:00:23 +0000 2020,['petro']
1952,ingrodolfohdez,"Yo no pido y nunca pedirÃ© lealtad para mÃ­, pido lealtad para quien confÃ­a en nosotros, para quien nos da su voto, para ellos y por ellos es que digo: No robar, No mentir, No traicionar.",Mon Mar 09 21:01:15 +0000 2020,['robar']
1955,ingrodolfohdez,"Con solo revisar el patrimonio de los corruptos antes y despuÃ©s de haber sido funcionarios, hay plata de sobra para confiscarla y ponerla a disposiciÃ³n del estado de bienestar que exigen y requieren todos los colombianos.",Sun Mar 08 21:00:59 +0000 2020,['plata']
1963,ingrodolfohdez,"Con la ley que voy a enviar al Congreso cuando si llego a ser presidente tambiÃ©n serÃ­a extensiva a las amas de casa, a las mujeres madres de familia y a las empleadas domesticas, con esta ley voy a ponerle plata en el bolsillo a la gente pobre para que consuma.",Fri Mar 06 21:01:36 +0000 2020,['plata']
1979,ingrodolfohdez,"Tenemos que votar para sacarlos y despuÃ©s gobernar para quitarles todos sus negocios sucios, acabar con el robo y el despilfarro, lo hice en Bga lo puedo hacer en el paÃ­s, tenemos q cambiar esto para volver a confiar, para volver a tener el paÃ­s q nos robaron.",Fri Feb 28 11:00:51 +0000 2020,['robar']
1980,ingrodolfohdez,"La fuerza de los votos que es lo Ãºnico que nos queda, lo Ãºnico que todavÃ­a no nos han podido robar, es lo Ãºnico que puede acabar para siempre con la ladronera y la politiquerÃ­a corrupta y mafiosa.

#IngRodolfoHernandez",Fri Feb 28 01:00:50 +0000 2020,"['robar', 'ladron']"
2005,ingrodolfohdez,"Por eso mi campaÃ±a a la presidencia se harÃ¡ con los recursos q bien puedan aportar los colombianos q quieren cambiar de una vez por todas esta ladronera corrupta del establecimiento politiquerÃ­a y reemplazar por una verdadera democracia.
#IngRodolfoHernandez #YoApoyoAlingeniero",Fri Feb 21 11:01:13 +0000 2020,"['campaÃ±a', 'ladron']"
2006,ingrodolfohdez,"DEMO(pueblo) CRACIA(gobierno): Â¡GOBIERNO DEL PUEBLO! esto q tenemos ahora NO ES DEMOCRACIA, es una dictadura de la politiquerÃ­a corrupta q asÃ­ como despilfarra y se roba la plata de los impuestos, tambiÃ©n va a continuar entregando en bandeja nuestros recursos naturales.",Fri Feb 21 01:00:53 +0000 2020,['plata']
2008,ingrodolfohdez,"Nuestros recursos naturales son nuestra mayor riqueza, ahÃ­ estÃ¡ el futuro de Colombia, pero la ladronera politiquera sigue apoyando leyes para q los q explotan nuestros recursos se lleven el 96% y nos dejan tierra ARRASADA, DESOLACIÃ“N Y RUINA, como quieren hacer con SanturbÃ¡n.",Thu Feb 20 18:15:22 +0000 2020,['ladron']
2019,ingrodolfohdez,"Â¡Quieren sacarle la plata del bolsillo a la gente para pagarle los carros, los choferes, los viajes a los politiqueros corruptos del congreso y para que la primera dama use el aviÃ³n de la presidencia como jet privado para hacer turismo!
#IngRodolfoHernandez #YoApoyoAlingeniero",Tue Feb 18 11:00:34 +0000 2020,['plata']
2117,ingrodolfohdez,Nos robaron tanto que nos quitaron hasta el miedo https://t.co/AuO1wQzNpy,Tue Nov 26 00:32:12 +0000 2019,['robar']
2246,ingrodolfohdez,Â¿DÃ³nde estÃ¡ la plata? https://t.co/nFvraTr361,Sun Sep 29 14:30:47 +0000 2019,['plata']
2350,ingrodolfohdez,"ME COMPROMETO:
Â¡Si trancamos a los ladrones la plata sobra! Y con ese dinero lo primero serÃ¡ cancelarles a todos los jÃ³venes de Colombia lo que deben en el @ICETEX https://t.co/p6Ve4pW6E9",Fri Aug 16 00:37:40 +0000 2019,"['ladron', 'plata']"
2375,ingrodolfohdez,"MIREN, NO LES DEBO FAVORES A NADIE: URIBE -NO EL CENTRO DEMOCRÃTICO-, UNA VEZ ME APOYÃ“.
Y le dije: ""Si usted apoya a polÃ­ticos ladrones, YO LOS ATACO"".
Y una vez estuve con Petro en un almuerzo informativo. LINK VIDEO COMPLETO-&gt; https://t.co/h3zogMVnQx https://t.co/3AZfClseZK",Thu Aug 01 17:10:52 +0000 2019,"['ladron', 'Petro']"
2379,ingrodolfohdez,"Â¡NO MÃS LADRONES EN LA ADMINISTRACIÃ“N PÃšBLICA!
Si alguien de quien yo tenÃ­a buena imagen se alÃ­a con ladrones, Â¡LO DIRÃ‰! https://t.co/8bciELRlhd",Wed Jul 31 00:42:49 +0000 2019,['ladron']
2412,ingrodolfohdez,AsÃ­ se robaron la plata en la contrataciÃ³n de obras en Colombia. LINK VIDEO COMPLETO-&gt; https://t.co/sXUxjJtsYK https://t.co/WNUGXA1P78,Sat Jul 13 16:06:36 +0000 2019,"['robar', 'plata']"
2606,ingrodolfohdez,"INAUGURACIÃ“N DEL TEATRO SANTANDER: No vamos a realizar discursos politiqueros, porque uno no puede sacar pecho del hacer con la plata de la ciudadanÃ­a. Esto serÃ­a como aplaudir a un cajero automÃ¡tico por darle su dinero. Lo que si daremos...LINK-&gt; https://t.co/QCNw8GbH1l https://t.co/JbU5wNxlT3",Thu Mar 28 12:49:08 +0000 2019,['plata']
2668,ingrodolfohdez,"#Ã‰LPORELLA EN EL DÃA INTERNACIONAL DE LA MUJER

Nos pusimos los guantes para unirnos a la campaÃ±a internacional #ElPorElla (#HeForShe) de Naciones Unidas, porque compartimos la paridad y equidad...LINK-&gt; https://t.co/yocUC5iXR6 https://t.co/D7z2z5t8BQ",Fri Mar 08 21:38:58 +0000 2019,['campaÃ±a']
2711,ingrodolfohdez,"Los concejales deben atender el clamor de los bumangueses y aprobar la inversiÃ³n de $18 mil millones para tapar huecos. 
LINK-&gt; https://t.co/F8D536IuJp @concejobucara https://t.co/ItI0rOp85O",Tue Feb 26 11:21:15 +0000 2019,['robar']
2768,ingrodolfohdez,"â€œLa Consigna es no robarse la plata y no hacerle favores a los amigos"". El 90% de los Colombianos es gente buena.

Lea las transparentes declaraciones del Alcalde al periÃ³dico La Libertad: https://t.co/HiY8Jfa4lt https://t.co/1F7HeRnbNb",Fri Feb 01 15:14:32 +0000 2019,"['robar', 'plata']"
2793,ingrodolfohdez,"60 MIL MILLONES PARA VÃAS METROPOLITANAS Y REGIONALES @AlcaldiaBGA, @GobdeSantander y el @InviasOficial aprobaron ayer licitar en las prÃ³ximas semanas obras por mÃ¡s de 60 mil millones de pesos con recursos de los peajes del Aeropuerto y Rionegro.
LINK-&gt; https://t.co/3YlsRovcbr https://t.co/ZL4jJQ6N6R",Thu Jan 17 11:57:05 +0000 2019,['robar']
