,id,user,text,date,match,bueno,malo,neutral
0,2,ingrodolfohdez,"Aprovechando la posibilidad que tengo como Senador, propongo ajustar la Ley 80, la cual est√° permitiendo que se roben la plata de los colombianos, con esta reforma se eliminar√≠a tanta corrupci√≥n en medio de las contrataciones p√∫blica. üìúüñãÔ∏è #ProyectoDeLey

https://t.co/lqu5GGMFJ9",Sat Oct 08 01:23:08 +0000 2022,['plata'],0.3432140648365021,0.32179558277130127,0.33499035239219666
1,5,ingrodolfohdez,"#AusteridadEs No gastar m√°s plata de la que entra, y mucho menos en pendejadas. https://t.co/LLNqWr949v",Mon Oct 03 12:57:43 +0000 2022,['plata'],0.23587360978126526,0.0640856996178627,0.7000406980514526
2,6,ingrodolfohdez,"#UnDespilfarroEs destinar la plata del trabajo de los colombianos en burocracia, viajes en primera clase y hoteles de lujo.",Fri Sep 30 12:44:23 +0000 2022,['plata'],0.22959136962890625,0.3757472634315491,0.3946613669395447
3,14,ingrodolfohdez,"Aqu√≠ est√°n los radicados de la #denuncia del caso de corrupci√≥n de la gobernadora de Arauca, Espero las entidades y el Ministro @AlfonsoPrada no esperen hasta que termine el mandato del gobierno Petro para hacer algo. üö® 

@FiscaliaCol @CGR_Colombia @sicsuper https://t.co/FKOdOtQxC0",Sat Sep 24 14:20:48 +0000 2022,['Petro'],0.26362496614456177,0.3495723307132721,0.38680270314216614
4,20,ingrodolfohdez,"Iniciando la semana con mi UTL del Senado con quienes estoy trabajando para modificar esas leyes que est√°n permitiendo que los p√≠caros y los politiqueros hagan negocios y contratos con el estado y as√≠ robarse la plata de todos los Colombianos. üìúüá®üá¥

#RodolfoHernandez #Congreso https://t.co/E8VyiMUfn3",Mon Sep 19 14:55:44 +0000 2022,"['robar', 'plata']",0.2436506599187851,0.34353548288345337,0.41281387209892273
5,23,ingrodolfohdez,"#TocarLasPensionesEs ¬°Una locura! si quieren regalar plata, que sea de la que el gobierno deje de despilfarrar.",Wed Sep 14 14:08:59 +0000 2022,['plata'],0.45570847392082214,0.27978676557540894,0.2645048201084137
6,36,ingrodolfohdez,"#EsUnAtropello lo que hacen los pol√≠ticos con nuestros impuestos.

La plata la malgastan, se la roban, la despilfarran, ¬°y no pasa nada!

¬øY as√≠ quieren hacer la #ReformaTributaria para darles m√°s plata?

https://t.co/zxJHtIw4g2",Sat Aug 27 14:31:58 +0000 2022,"['plata', 'plata']",0.2848447561264038,0.4326372742652893,0.2825179398059845
7,38,ingrodolfohdez,"La nueva fecha de adjudicaci√≥n es el 15 de septiembre, les pido que act√∫en y revoquen esa licitaci√≥n.

Porque despu√©s que la adjudiquen, hay que darles la plata as√≠ no hagan la obra.

#Denuncia #Corrupcion #Casanare",Thu Aug 25 22:59:43 +0000 2022,['plata'],0.2513887882232666,0.40375426411628723,0.34485697746276855
8,50,ingrodolfohdez,#NoCreoEn una Reforma Tributaria que va a recoger plata sin saber: ¬øpor qu√© vamos a recoger? y ¬øpor qu√© no alcanza la que hoy recogen?... !Eso es absurdo! https://t.co/dg50ITZL3Q,Thu Aug 18 14:00:12 +0000 2022,['plata'],0.03763089329004288,0.5912153124809265,0.3711537718772888
9,56,ingrodolfohdez,"#CoherenciaEs Antes de querer joder a los colombianos con m√°s impuestos, que primero aprendan a no gastar y dejar el derroche de la plata p√∫blica.",Tue Aug 16 13:27:05 +0000 2022,['plata'],0.18508830666542053,0.3464776575565338,0.46843400597572327
10,57,ingrodolfohdez,"¬°Es una alcahueter√≠a! No podemos seguir gast√°ndonos la plata de la ciudadan√≠a.

Quiero invitar a todos mis compa√±eros en el @SenadoGovCo a que hagan lo mismo.

Y ojal√° esta platica pueda ser girada para abonarle a las deudas que tienen los j√≥venes m√°s pobres con el @ICETEX https://t.co/RByZtY0Sw7",Sat Aug 13 12:31:45 +0000 2022,['plata'],0.0669056698679924,0.7676120400428772,0.1654823124408722
11,59,ingrodolfohdez,#NoEsTardePara frenar la Reforma Tributaria y revisar primero en d√≥nde es que se est√°n robando la plata de los impuestos de los Colombianos.,Thu Aug 11 14:06:11 +0000 2022,['plata'],0.3196028172969818,0.32389748096466064,0.35649973154067993
12,61,ingrodolfohdez,"Hoy inician 4 a√±os del gobierno que eligieron los Colombianos, le deseo al @petrogustavo un buen gobierno, y sepa que voy a estar vigilante de cada paso que de para garantizar que le cumpla al pueblo Colombiano.",Sun Aug 07 22:15:57 +0000 2022,['petro'],0.5705382227897644,0.14259837567806244,0.28686341643333435
13,69,ingrodolfohdez,"Radicamos el primer debate de control pol√≠tico por presunta corrupci√≥n en la Ocad-Paz, junto a los Senadores @JotaPeHernandez , @DeLaCalleHum y @ArielAnaliza , para que nos expliquen en qu√© se gastaron m√°s de 8billones de pesos.

¬°Y si se los robaron, los tienen que devolver! https://t.co/ldbDY4aNZv",Wed Jul 27 17:33:43 +0000 2022,['robar'],0.2216120809316635,0.3455657660961151,0.43282219767570496
14,87,ingrodolfohdez,Empez√≥ el cambio ü´±üèª‚Äçü´≤üèºüá®üá¥ @petrogustavo https://t.co/kNigOffgeY,Tue Jun 28 20:45:00 +0000 2022,['petro'],0.21711428463459015,0.32380354404449463,0.45908215641975403
15,91,ingrodolfohdez,"No es mi intenci√≥n, como lo manifest√© en el momento en el que reconoc√≠ el triunfo del doctor @petrogustavo, generar alguna duda sobre ese resultado, ni contradecir lo que ha manifestado la Registradur√≠a Nacional. https://t.co/kkgdaqkKWQ",Wed Jun 22 16:44:00 +0000 2022,['petro'],0.20588743686676025,0.27173811197280884,0.5223743915557861
16,95,ingrodolfohdez,"S√© que cada uno de ustedes esperaba lograr el sue√±o que fue creciendo en Colombia, de que yo pudiera alcanzar la presidencia con los principios de No robar, No mentir y No traicionar.",Tue Jun 21 11:49:46 +0000 2022,['robar'],0.34086844325065613,0.23880280554294586,0.4203287661075592
17,103,ingrodolfohdez,"Testigos electorales Rodolfistas, durante el preconteo de votos deben:
1. Tomar foto a los tarjetones que tengan punto o raya en la casilla de Petro o en voto en blanco. 
2. Poner en las observaciones del E14: el tarjet√≥n ten√≠a previamente punto o raya. Quieren anularnos el voto.",Sun Jun 19 19:27:50 +0000 2022,['Petro'],0.3175259232521057,0.23959597945213318,0.4428780972957611
18,114,ingrodolfohdez,"Como se les cay√≥ la mentira del autosecuestro de mi hija, sintiendo que la cantidad de enga√±os, trampas y mentiras que usaron en esta sucia campa√±a no les dio resultado, ahora pretenden desorientar a los colombianos con tan cobarde infamia.",Sat Jun 18 17:33:27 +0000 2022,['campa√±a'],0.10526935011148453,0.6396011114120483,0.25512954592704773
19,120,ingrodolfohdez,"Si as√≠ se gasta la plata del pa√≠s estando en campa√±a, imag√≠nense si llega a ser presidente. https://t.co/0YmwDyIGWv",Fri Jun 17 22:25:11 +0000 2022,"['plata', 'campa√±a']",0.2887512445449829,0.21068136394023895,0.5005674362182617
20,123,ingrodolfohdez,"Luego de conocer los resultados de la jornada electoral, dar√© mis declaraciones desde mi casa, en compa√±√≠a de mi familia. No gastaremos plata en espect√°culos, siguiendo la austeridad que ha caracterizado a mi campa√±a y que hoy necesita es la misma que necesita el pa√≠s. https://t.co/TVayqsMtKE",Fri Jun 17 20:05:20 +0000 2022,"['plata', 'campa√±a']",0.4793509840965271,0.14817264676094055,0.37247633934020996
21,125,ingrodolfohdez,Doctor @petrogustavo en toda mi vida JAM√ÅS le he puesto trampas a los jueces y menos los he inmolado. C√≥mo me alegra que haya recapacitado y reconozca que SIN jueces SOLO habr√° DICTADURA Y VIOLENCIA. NO SE CONFUNDA! https://t.co/ueEf4ngLIv,Fri Jun 17 17:23:53 +0000 2022,['petro'],0.27553442120552063,0.14406345784664154,0.580402135848999
22,127,ingrodolfohdez,"Les parece mal que yo est√© de vacaciones en Miami en el 2021, pero no les parece mal que Petro se emborrache y con tremenda borrachera se suba a las tarimas a hablarle a los electores, ni los ‚ÄúPetrovideos‚Äù, el pacto de la picota y su estrategia criminal. Est√°n es desesperados.",Fri Jun 17 15:31:46 +0000 2022,"['Petro', 'Petro']",0.23277465999126434,0.28072065114974976,0.48650476336479187
23,130,ingrodolfohdez,"@petrogustavo DEJE DE MENTIRLE AL PA√çS. De mi equipo no asisti√≥ nadie porque usted en ning√∫n momento deleg√≥ a alguien, ni concert√≥ cita alguna al respecto. 

#RodolfoPresidente #RodolfoHernandez https://t.co/RvSdE3cdUL",Fri Jun 17 14:27:25 +0000 2022,['petro'],0.24060861766338348,0.14272814989089966,0.6166632175445557
24,136,ingrodolfohdez,"Me dicen q este sr Eduar Triana, representante a la c√°mara, es hijo de un extraditado y quiero aclarar q jam√°s en mi vida lo hab√≠a visto. √âl se acerc√≥ a m√≠ con una imagen de la Virgen y de ninguna manera fue mi anfitri√≥n, si as√≠ lo dice es un mentiroso. NO ACEPTO SU APOYO! https://t.co/DIDwwT07FO",Thu Jun 16 18:56:36 +0000 2022,['mentiroso'],0.11773553490638733,0.25161081552505493,0.6306536197662354
25,149,ingrodolfohdez,"Que este 19 de junio su voto sea para detener a los que se han dedicado a robarnos la plata a todos los colombianos üí∞üá®üá¥

#RodolfoHernandez #RodolfoPresidente #LigaAnticorrupcion #elecciones2022 https://t.co/BdmPNG0bGP",Wed Jun 15 16:47:59 +0000 2022,"['robar', 'plata']",0.25642240047454834,0.35752400755882263,0.3860536515712738
26,165,ingrodolfohdez,"En innovaci√≥n no es que no haya plata, el problema es que los pol√≠ticos no dejan plataüí∞ y por eso no se invierte. üî¥ #EnVivo  #RodolfoPresidente üíõüíô",Tue Jun 14 00:51:06 +0000 2022,"['plata', 'plata']",0.2192164659500122,0.3279305398464203,0.4528529644012451
27,177,ingrodolfohdez,"La seriedad y credibilidad de esta encuestadora qued√≥ demostrada sospechosamente el 29 de mayo. A Petro lo favorec√≠a con un 2% y a m√≠ me desfavorec√≠a grotescamente con -15,4% ü§∑üèº‚Äç‚ôÇÔ∏è. https://t.co/5RDBjyWSEX",Sat Jun 11 20:34:43 +0000 2022,['Petro'],0.06315860152244568,0.7279658913612366,0.20887555181980133
28,199,ingrodolfohdez,Ayer se hicieron p√∫blicos unos videos donde Petro y los politiqueros que lo rodean demuestran que son una banda criminal.,Thu Jun 09 15:27:59 +0000 2022,['Petro'],0.21867735683918,0.5246652960777283,0.2566574215888977
29,200,ingrodolfohdez,"¬øEste es el presidente que Colombia quiere? Colombia no merece ser gobernada por esta gavilla criminal. Recuerden que Petro no es Petro, Petro son todos esos politiqueros redomados con quienes anda.",Thu Jun 09 13:37:47 +0000 2022,"['Petro', 'Petro', 'Petro']",0.07658909261226654,0.5810917615890503,0.34231919050216675
30,221,ingrodolfohdez,"La plata que me den de la reposici√≥n de votos, que por ley me corresponde, la destinar√© al pueblo en el que me posesione, que ser√° en el m√°s pobre de Colombia üá®üá¥üíõ

(Foto del d√≠a que me posesion√© como alcalde, en uno de los barrios m√°s pobres de la ciudad)

#RodolfoHernandez https://t.co/ZA144QVtVx",Tue Jun 07 16:11:07 +0000 2022,['plata'],0.22489728033542633,0.4028075933456421,0.3722951412200928
31,225,ingrodolfohdez,"La corrupci√≥n de Petro en Bogot√° fue evidente. No se perdieron de nada, hasta en las motos se llevaron su tajada. Doctor @petrogustavo, d√≠game lo que pregona y le dir√© en qu√© peca. https://t.co/5ZzfbEIu25",Tue Jun 07 13:36:45 +0000 2022,"['Petro', 'petro']",0.10909058153629303,0.5981258749961853,0.2927834987640381
32,237,ingrodolfohdez,"2.Con toda la plata que vamos a ahorrar atacando la corrupci√≥n, voy a condonar las deudas de los muchachos con el Icetex aplicando 3 filtros iniciales: 1) Estudiantes activos, para evitar la deserci√≥n; 2) Estudiantes de estrato 1, 2 y 3; 3) Estudiantes con los mejores promedios.",Mon Jun 06 15:50:30 +0000 2022,['plata'],0.42900463938713074,0.24282553791999817,0.3281698524951935
33,253,ingrodolfohdez,#LaCorrupcionPetrista es no saber de d√≥nde sacan la cantidad de plata que se gastan haci√©ndome mala publicidad.,Mon Jun 06 12:37:11 +0000 2022,['plata'],0.0813060998916626,0.552339494228363,0.366354376077652
34,255,ingrodolfohdez,"Yo soy el candidato presidencial que m√°s lejos ha llegado con menos compromisos en la historia. Petro, en cambio, ha hecho tratos con todos los que alguna vez critic√≥ para llegar a donde est√°. #RodolfoPresidente",Mon Jun 06 00:22:49 +0000 2022,['Petro'],0.330075740814209,0.2051890790462494,0.4647351801395416
35,259,ingrodolfohdez,Espero que nunca le toque tomar una decisi√≥n como la que yo tuve que tomar. @petrogustavo https://t.co/WJqv6AR9lz,Sun Jun 05 12:17:41 +0000 2022,['petro'],0.31737515330314636,0.1815217286348343,0.5011032223701477
36,269,ingrodolfohdez,"En mi campa√±a no se est√° pidiendo plata a ning√∫n colombiano.

#RodolfoHernandez #RodolfoPresidente #LigaAnticorrupcion #Elecciones2022 https://t.co/A5ECYH7KuB",Fri Jun 03 20:58:07 +0000 2022,"['campa√±a', 'plata']",0.17812640964984894,0.24229462444782257,0.5795789957046509
37,270,ingrodolfohdez,"La doble moral de @petrogustavo se est√° desbordando. Antes de atacarme, m√≠rese bien en el espejo, no vaya a ser que se est√© atacando a s√≠ mismo. https://t.co/3hWZybF515",Fri Jun 03 20:54:44 +0000 2022,['petro'],0.2793746292591095,0.30192816257476807,0.4186971187591553
38,275,ingrodolfohdez,"Si #ColombiaQuiere progreso, entonces #ColombiaNecesita acabar con toda esa parranda de politiqueros que lo √∫nico que le han hecho al pa√≠s es robarlo.
#RodolfoPresidente",Fri Jun 03 13:48:53 +0000 2022,['robar'],0.21120570600032806,0.36157652735710144,0.4272177815437317
39,288,ingrodolfohdez,C√≥mo cambian las cosas. Este debe ser el tono entre los dos proyectos de cambio por los que vot√≥ Colombia. No lo olvide @petrogustavo https://t.co/aIqlWLNCoC,Wed Jun 01 13:20:07 +0000 2022,['petro'],0.32150253653526306,0.17210359871387482,0.5063939094543457
40,289,ingrodolfohdez,"Todo aquel que lucha x un mejor pa√≠s merece nuestra admiraci√≥n y respeto.
Si las campa√±as no sirven para unir entre los diversos colores que somos, entonces para qu√© sirven?
Gracias x seguir haciendo linda esta campa√±a.üá®üá¥ü´∂üèª

https://t.co/cCb3B9WDqx",Tue May 31 19:35:55 +0000 2022,"['campa√±a', 'campa√±a']",0.8635398149490356,0.03360016271471977,0.10286010056734085
41,290,ingrodolfohdez,"https://t.co/IVTouSoGLm igual que mi campa√±a, MI GOBIERNO SER√Å INDEPENDIENTE, YO NO LE DEBO NADA A NADIE, NO COMAN CUENTO.",Tue May 31 00:33:44 +0000 2022,['campa√±a'],0.10777159035205841,0.5203215479850769,0.3719068467617035
42,292,ingrodolfohdez,18.En mi gobierno se sacar√° la plata que se ahorre de todos los gastos innecesarios en los que han incurrido gobiernos anteriores para pagar la deuda del ICETEX de los muchachos. Nadie deber√≠a endeudar su futuro para poder progresar.,Tue May 31 00:32:40 +0000 2022,['plata'],0.4342188537120819,0.25700920820236206,0.30877190828323364
43,306,ingrodolfohdez,"4.Mi gobierno, al igual que mi campa√±a, va a ser austero. Nada de seguir despilfarrando la plata de los colombianos como lo han venido haciendo los gobiernos anteriores.",Tue May 31 00:19:31 +0000 2022,"['campa√±a', 'plata']",0.05435667559504509,0.23797766864299774,0.7076656222343445
44,315,ingrodolfohdez,"Ayer, en las #EleccionesColombia, casi 6 millones votaron en contra de lo que nos divide, y a favor de lo que nos une: el deseo de que Colombia sea un pa√≠s sin odios, sin ladrones, sin pobreza. Un pa√≠s del que nadie se quiera ir. #ColombiaEsRodolfo #RodolfoPresidente",Mon May 30 13:08:42 +0000 2022,['ladron'],0.21286490559577942,0.20659740269184113,0.5805376768112183
45,324,ingrodolfohdez,"#EnVivo üî¥ Hable con *El Ingeniero en su cierre de campa√±a digital* üì≤üíõüíôüá®üá¥

https://t.co/PLBytjP44I",Sun May 29 01:19:00 +0000 2022,['campa√±a'],0.4021638035774231,0.3087935745716095,0.2890426814556122
46,326,ingrodolfohdez,"Colombianos nos vemos hoy en mi cierre de campa√±a digitalüì≤üíõüíô

üïó 8:00pm 
üîµ En mi red social FaceBook

Los espero, inviten a sus familiares, amigos y hasta el vecino ü§≠üòé

#RodolfoHernandez #RodolfoPresidente #LigaAnticorrupcion #Elecciones2022 https://t.co/WrmeUbQEUe",Sat May 28 23:31:52 +0000 2022,['campa√±a'],0.38041555881500244,0.14911480247974396,0.4704696536064148
47,328,ingrodolfohdez,"#ChampionsLeagueFinal va a ser la de ma√±ana, yo superando el juego sucio de Petro y goleando a Fico.",Sat May 28 20:08:20 +0000 2022,['Petro'],0.6835582852363586,0.09942417591810226,0.21701748669147491
48,329,ingrodolfohdez,"No podemos dejar que las mentiras de Petro destruyan al pa√≠s, ni que la continuidad de Uribe con Duque, y ahora con Fico, haga crecer la miseria nacional. 
#RodolfoPresidente",Sat May 28 19:51:27 +0000 2022,['Petro'],0.13678820431232452,0.5696128010749817,0.2935989499092102
49,330,ingrodolfohdez,"#ElIngenieroPropone Hay que inyectarle plata al campo y darles a los campesinos herramientas para que sus productos puedan competir con los que se importan. Mi gobierno se concentrar√° en el campo. 
#RodolfoPresidente",Sat May 28 19:26:20 +0000 2022,['plata'],0.3434500992298126,0.20574933290481567,0.4508005976676941
50,342,ingrodolfohdez,"Est√°n tan desesperados que ya se unieron Uribe, Vicky y Petro para atacarme, usando a cuanto corrupto en venta anda suelto.

https://t.co/iobTffN5xK",Fri May 27 15:20:57 +0000 2022,['Petro'],0.07128315418958664,0.7070760726928711,0.22164073586463928
51,343,ingrodolfohdez,#ElIngenieroPropone Los transportadores de carga necesitan un gobierno que se preocupe por mejorar la infraestructura vial del pa√≠s para poder impulsar la competitividad. Ya es hora de que dejen de robarse la plata que pagamos en los peajes y se empiece a invertir de verdad.,Fri May 27 14:31:19 +0000 2022,"['robar', 'plata']",0.46089011430740356,0.22919754683971405,0.3099122643470764
52,344,ingrodolfohdez,"#ElDomingoVoyA cambiar la historia junto con todos los colombianos que se han mamado de las divisiones y no quieren m√°s uribismo ni que siga Duque con cara de Fico, y menos que llegue Petro a dividirnos m√°s. #RodolfoPresidente",Fri May 27 14:29:22 +0000 2022,['Petro'],0.20669972896575928,0.19098711013793945,0.6023131608963013
53,346,ingrodolfohdez,"Lo que muestran los indicadores de mi acercamiento a Petro es lo que tiene asustados no solo a los petristas, sino a los uribistas üòéüí™üèª.

#RodolfoHernandez #RodolfoPresidente #LigaAnticorrupcion #elecciones2022 https://t.co/9mMfuTBgRH",Fri May 27 13:07:10 +0000 2022,['Petro'],0.2567324638366699,0.17575867474079132,0.5675088167190552
54,358,ingrodolfohdez,#VotoPor el fin de la polarizaci√≥n. Porque el continuismo de Fico y el miedo que causa Petro solo dividen al pa√≠s.,Wed May 25 13:00:38 +0000 2022,['Petro'],0.2526448369026184,0.21775147318840027,0.5296036601066589
55,366,ingrodolfohdez,"Todas estas propuestas de los debates, ya han sido dichas en entrevistas, mensajes de campa√±a y un mont√≥n de otros debates a los que yo ya fui, mientras Petro decidi√≥ no aparecerse hasta ahora, cuando las encuestas muestran que ya no va a ganar. (9/10)",Tue May 24 17:09:15 +0000 2022,"['campa√±a', 'Petro']",0.2653363049030304,0.3881464898586273,0.3465171158313751
56,374,ingrodolfohdez,"La agresividad de las otras campa√±as al ver c√≥mo cada d√≠a son m√°s los colombianos que me apoyan, me ha hecho pensar sobre qu√© hace que se desesperen y act√∫en as√≠. (1/10)",Tue May 24 17:06:22 +0000 2022,['campa√±a'],0.1272437572479248,0.6249043345451355,0.24785198271274567
57,383,ingrodolfohdez,"Despu√©s de buscarme para una alianza, Petro empieza a atacarme cuando las encuestas muestran que soy el √∫nico que le puede ganar en segunda vuelta. Miren por donde pela el cobre. Ya no le sirvo, doctor Petro? 

https://t.co/SrxkgyEecl",Mon May 23 17:11:33 +0000 2022,"['Petro', 'Petro']",0.11373833566904068,0.3997527062892914,0.48650890588760376
58,386,ingrodolfohdez,"Gracias por su apoyo @JotaPeHernandez , con su ayuda todo ser√° diferente. A todos los politiqueros, el tiempo de robar se les acab√≥! #RodolfoPresidente 

Ver: https://t.co/OvxyewHjVX",Mon May 23 15:11:03 +0000 2022,['robar'],0.44980084896087646,0.10157077759504318,0.44862842559814453
59,389,ingrodolfohdez,"#LoPeorDeEstasElecciones ha sido ver a la derecha m√°s politiquera acerc√°ndose a la izquierda de Petro para neutralizar, una vez m√°s, al centro que nosotros representamos y que es el √∫nico capaz de salvar al pa√≠s de la polarizaci√≥n. https://t.co/R4MxudnbgC",Sun May 22 16:33:18 +0000 2022,['Petro'],0.16876398026943207,0.079874187707901,0.7513617873191833
60,391,ingrodolfohdez,Gustavo: 1. El fuego no se apaga con gasolina. 2. Es irresponsable asumir hechos inexistentes como ciertos. 3. Soy v√≠ctima de gavillas y no me presto para hacerlas. @petrogustavo,Sun May 22 14:07:26 +0000 2022,['petro'],0.1729739010334015,0.2489389330148697,0.5780871510505676
61,393,ingrodolfohdez,"En las embajadas solo hay politiqueros quemados, trabaja m√°s el buey del pesebre que ellos. Las casas donde est√°n las embajadas las vendemos y con esa plata le pagamos la deuda que los chinos tienen con el ICETEX üá®üá¥üí™üèª

#RodolfoHernandez #RodolfoPresidente #LigaAnticorrupcion https://t.co/gNrz0ZAdve",Sat May 21 20:54:48 +0000 2022,['plata'],0.22611303627490997,0.35254085063934326,0.42134615778923035
62,394,ingrodolfohdez,"Cada hora, m√°s y m√°s colombianos se est√°n uniendo a m√≠, porque sienten que soy la mejor opci√≥n para el pa√≠s y el √∫nico que le puede ganar a Petro. No les voy a fallar!üíõüíô

#RodolfoPresidente #RodolfoHernandez #LigaAnticorrupcion #Elecciones2022",Sat May 21 19:54:25 +0000 2022,['Petro'],0.27895933389663696,0.1650947779417038,0.555945873260498
63,395,ingrodolfohdez,"Mi campa√±a significa la uni√≥n de Colombia para acabar con la corrupci√≥n y poder salir adelante. Quien tenga esta meta y quiera sumarse apoyando, siempre ser√° bienvenido.

#RodolfoPresidente #RodolfoHernandez #Elecciones2022 #LigaAnticorrupcion",Sat May 21 18:11:12 +0000 2022,['campa√±a'],0.4526553153991699,0.19658015668392181,0.35076451301574707
64,400,ingrodolfohdez,"#EstaMal hacer campa√±a dividiendo al pa√≠s. El √∫nico futuro de Colombia es la uni√≥nüá®üá¥üíõüíô

#RodolfoPresidente #RodolfoHernandez #Elecciones2022 #LigaAnticorrupcion",Fri May 20 20:30:28 +0000 2022,['campa√±a'],0.19651232659816742,0.338234007358551,0.465253621339798
65,402,ingrodolfohdez,"Gracias a todos los rodolfistas por demostrar que se puede hacer una campa√±a diferente üëèüèªüí™üèªüá®üá¥

#RodolfoHernandez #RodolfoPresidente #LigaAnticorrupcion https://t.co/pxxg3A61W6",Fri May 20 16:55:56 +0000 2022,['campa√±a'],0.4712717533111572,0.2189163714647293,0.30981191992759705
66,403,ingrodolfohdez,"#ElFen√≥menoRodolfo es la prueba de que Colombia quiere un cambio de verdad y sin riesgos. No a Petro.

#RodolfoPresidente #RodolfoHernandez #Elecciones2022 #LigaAnticorrupcion",Fri May 20 16:40:08 +0000 2022,['Petro'],0.2227988988161087,0.15309855341911316,0.6241025328636169
67,407,ingrodolfohdez,"El pueblo colombiano y yo somos los √∫nicos que en segunda vuelta podemos ganarle a Petroüí™üèª. Voy a ser su presidenteüíõüíôüá®üá¥

#RodolfoHernandez #RodolfoPresidente #LigaAnticorrupcion #Elecciones2022 https://t.co/TvztqmAuIW",Fri May 20 12:54:39 +0000 2022,['Petro'],0.2835705578327179,0.23237104713916779,0.4840583801269531
68,413,ingrodolfohdez,De d√≥nde estar√° sacando tanta plata el doctor Ficoü§îü§î https://t.co/acwV3R3xMb,Thu May 19 18:50:17 +0000 2022,['plata'],0.1930273175239563,0.3589824140071869,0.4479902982711792
69,419,ingrodolfohdez,"Vallenatos! Gracias por darme la herramienta para acabar con los hampones que se roban la plata de los colombianos. Tranquilos, la vamos a empezar a usar el 7 de agosto. No les voy a fallar! ü™§üòéüá®üá¥

Gracias Valledupar! ü™óüé∂
#RodolfoHernandez #RodolfoPresidente #LigaAnticorrupcion https://t.co/KYZ9T5Rsb3",Thu May 19 12:48:18 +0000 2022,['plata'],0.4068436622619629,0.2334921807050705,0.3596642315387726
70,421,ingrodolfohdez,"En mi gobierno reduciremos el gasto de funcionamiento del Estado para que la plata sea para la deuda que tiene la muchachada de los estratos 1, 2 y 3 con el ICETEX üìöüìùüá®üá¥

#RodolfoHernandez #RodolfoPresidente #LigaAnticorrupcion #elecciones2022 https://t.co/kSfpNmbUXZ",Thu May 19 00:19:28 +0000 2022,['plata'],0.22933760285377502,0.3644779622554779,0.40618446469306946
71,423,ingrodolfohdez,"Acabaremos con el despilfarro que tienen todos los parlamentarios y con esa plata que nos ahorramos, le pagamos la deuda que tiene la muchachada con el ICETEXüëÄüíµüá®üá¥.

 #RodolfoHernandez #RodolfoPresidente #LigaAnticorrupcion #Elecciones2022 https://t.co/RalrcT30xy",Wed May 18 20:52:01 +0000 2022,['plata'],0.07876049727201462,0.6215336918830872,0.29970583319664
72,427,ingrodolfohdez,"Petro y Fico est√°n dando patadas de ahogado. Pusieron a todas sus bodegas a atacarme, porque saben que este 29 de mayo ganar√© en primera vuelta. Mi capacidad de unir es tan grande que hasta Petro y Fico se unieron para atacarme. Los tengo asustados.",Wed May 18 16:22:09 +0000 2022,"['Petro', 'Petro']",0.11529985815286636,0.6644773483276367,0.2202228158712387
73,430,ingrodolfohdez,"Yo no necesito plata porque esa ya la trabaj√©, pero hay 22 millones de colombianos pobres que s√≠ la necesitan üá®üá¥ü´∂üèª.

#RodolfoHernandez #RodolfoPresidente #LigaAnticorrupcion #Elecciones2022 https://t.co/Zm25ndF3Dx",Wed May 18 11:54:10 +0000 2022,['plata'],0.2493835687637329,0.21974314749240875,0.5308732986450195
74,436,ingrodolfohdez,"Como se roban todo, no hay plata para el gasto p√∫blico, o sea que, adem√°s de los impuestos, los ciudadanos tambi√©n tenemos que pagar las carreteras. ¬øPor qu√© seguimos soportando este desastre? #TienenHuevo (2/2)",Tue May 17 22:51:20 +0000 2022,['plata'],0.16294516623020172,0.5162752270698547,0.32077962160110474
75,441,ingrodolfohdez,"Los politiqueros son los √∫nicos a los que les puede dar miedo ahorrarse una plata que se est√° botando o se le est√° entregando a la clase politiquera que tiene arruinado a Colombia, especialmente a los m√°s pobres, que son los se est√°n muriendo de hambre, por Dios! #ARodolfoLeDigo",Tue May 17 17:46:38 +0000 2022,['plata'],0.16339175403118134,0.3742789626121521,0.46232926845550537
76,445,ingrodolfohdez,Las casas donde est√°n las embajadas las vendemos y con esa plata le pagamos la deuda que los chinos tienen con el ICETEX. #EnVivo en #VickyEnSemana @RevistaSemana #ARodolfoLeDigo,Tue May 17 17:33:42 +0000 2022,['plata'],0.2863282859325409,0.34926560521125793,0.36440610885620117
77,449,ingrodolfohdez,"El primer decreto es quitarle el despilfarro de plata que tienen los parlamentarios. Que paguen ellos de su bolsillo su carro, su celular, sus viajes. #EnVivo en #VickyEnSemana @RevistaSemana #ARodolfoLeDigo",Tue May 17 17:10:26 +0000 2022,['plata'],0.1478714644908905,0.5704565644264221,0.2816719710826874
78,450,ingrodolfohdez,En la campa√±a me he gastado 3 mil millones de pesos de mi bolsillo. #EnVivo en #VickyEnSemana @RevistaSemana #ARodolfoLeDigo,Tue May 17 17:08:23 +0000 2022,['campa√±a'],0.2757948338985443,0.3995422422885895,0.324662983417511
79,452,ingrodolfohdez,"¬°Solos, los colombianos y yo vamos a derrotar a las gavillas de Petro y de Fico! üí™üèªüá®üá¥

#RodolfoHernandez #RodolfoPresidente #LigaAnticorrupcion #Elecciones2022 https://t.co/No7LVGuJka",Tue May 17 15:34:05 +0000 2022,['Petro'],0.1709969937801361,0.26404523849487305,0.5649576783180237
80,453,ingrodolfohdez,"#MiBolsillo est√° en esta campa√±a, no como esos politiqueros corruptos que pagan sus campa√±as con la plata que le roban a la gente.
#RodolfoPresidente",Tue May 17 15:05:47 +0000 2022,"['campa√±a', 'campa√±a', 'plata']",0.2253919392824173,0.29003265500068665,0.48457539081573486
81,455,ingrodolfohdez,"La vacuna üíâcontra Petro no es Fico, soy yo!",Tue May 17 11:03:01 +0000 2022,['Petro'],0.27100101113319397,0.08586481958627701,0.6431342363357544
82,489,ingrodolfohdez,"La plata hay que ponerla a producir para que mejore la vida de la gente üá®üá¥üí∞.

#RodolfoHernandez #RodolfoPresidente #LigaAnticorrupcion #Elecciones2022 https://t.co/LDMT8TDO3e",Sat May 14 21:34:47 +0000 2022,['plata'],0.4323786497116089,0.24826648831367493,0.3193548619747162
83,493,ingrodolfohdez,"¬°Fico es un mentiroso triple redomado! Las encuestas de √©l, son igual de falsas a esta foto ü§∑üèº‚Äç‚ôÇÔ∏è https://t.co/7x6usM4Qk9",Sat May 14 19:22:35 +0000 2022,['mentiroso'],0.038008809089660645,0.897171139717102,0.06482001394033432
84,505,ingrodolfohdez,"#UnaPatra√±aEs que aqu√≠ los pol√≠ticos que se dedicaron a robar y a endeudar el pa√≠s todos los d√≠as, s√°bado y domingo tambi√©n, hoy quieran hacerse los salvadores. Los colombianos nos acostamos tranquilos y al despertarnos ya debemos el doble de lo que se deb√≠a el d√≠a anterior.",Fri May 13 20:58:01 +0000 2022,['robar'],0.2909547984600067,0.3664560914039612,0.3425891101360321
85,508,ingrodolfohdez,"#UnaPatra√±aEs que se inventen que hay que resignarse y votar por Petro o por Fico, cuando existe una opci√≥n de cambio, de una.
#RodolfoPresidente",Fri May 13 14:47:38 +0000 2022,['Petro'],0.21485039591789246,0.2239442616701126,0.5612053275108337
86,519,ingrodolfohdez,"El Pdte. Duque est√° haciendo participaci√≥n indebida en pol√≠tica. Levanta la ley de garant√≠as y adjudic√≥ contratos, a trav√©s de convenios, por 53 billonesüí∞para entregarles a los parlamentarios para que hicieran la campa√±a al senado y c√°mara a favor de la rosca que tienen montada.",Thu May 12 18:24:58 +0000 2022,['campa√±a'],0.19379639625549316,0.49038225412368774,0.3158213794231415
87,533,ingrodolfohdez,"En mi gobierno,a trav√©s de un decreto, controlaremos las chequeras para que no despilfarren los recursos p√∫blicos en los lujos de los politiqueros y no se sigan robando la plata de todos los colombianos. Mi √∫nica alianza es con üá®üá¥. 
https://t.co/lHQD1v1UFq

#RodolfoPresidente",Thu May 12 16:05:43 +0000 2022,['plata'],0.35859066247940063,0.1897878348827362,0.45162153244018555
88,534,ingrodolfohdez,"Lo que los concejales politiqueros ladrones no me dejaron hacer en Bucaramanga por 0 pesos, a Bogot√° le va a costar 1 bill√≥n de pesos. üò†

Basuras en Bogot√°: la ciudad debe empezar a generar energ√≠a en 2023 - Bogot√° - https://t.co/dD8R7kPebT https://t.co/0hrmLRwR6Y",Thu May 12 14:19:50 +0000 2022,['ladron'],0.25467750430107117,0.37566885352134705,0.3696536719799042
89,536,ingrodolfohdez,"#UnGranError es pensar que la soluci√≥n es Petro, cuando la derecha nunca lo dejar√≠a gobernar.

#RodolfoPresidente",Thu May 12 12:56:14 +0000 2022,['Petro'],0.19206134974956512,0.17175745964050293,0.6361812353134155
90,544,ingrodolfohdez,"#ElCambioEnPrimera es votar para sacar del gobierno a la mafia politiquera y corrupta, y esto solo es posible con un gobernante que una al pueblo, no uno que lo divida como Petro o Fico. 

#RodolfoPresidente",Wed May 11 14:49:03 +0000 2022,['Petro'],0.19249308109283447,0.22987256944179535,0.5776343941688538
91,552,ingrodolfohdez,"Lo m√°s solapado que hay son gobernadores, alcaldes haci√©ndole campa√±a a unos candidatos y solamente tienen un sesgo para generar resoluciones disciplinarias contra unos otros.ü§î #EnVivo en el #DebateEcon√≥mico @CaracolRadio  @WRadioColombia @Canal1Colombia",Wed May 11 02:15:55 +0000 2022,['campa√±a'],0.1753428727388382,0.21854490041732788,0.6061121821403503
92,553,ingrodolfohdez,"Los politiqueros ladrones se roban 100 millones de pesos por minuto, eso da un bill√≥n semanal. Son 55 billones al a√±o. Total de que el tema no es meter m√°s impuestos. üí∞üìà #EnVivo en el #DebateEcon√≥mico @WRadioColombia @CaracolRadio @Canal1Colombia",Wed May 11 02:12:47 +0000 2022,['ladron'],0.2391252964735031,0.38773730397224426,0.37313738465309143
93,555,ingrodolfohdez,"Entonces nos cogen a todos los colombianos que trabajamos, 25 millones de idiotas √∫tiles a llevarle plata üí∞ a pol√≠ticos para que sigan la sigan gastando. #EnVivo en el #DebateEcon√≥mico @CaracolRadio  @WRadioColombia",Wed May 11 01:44:05 +0000 2022,['plata'],0.0788285955786705,0.569290280342102,0.3518811762332916
94,560,ingrodolfohdez,"En Colombia nos olvidamos de que ganar no importa, si no se puede gobernar. Ni Petro, ni Fico van a poder gobernar dividiendo al pa√≠s. Mi prop√≥sito es unir y jam√°s dividir.

Pd: Apunte bien con su voto, que en segunda le gano a Petro. #EnSegundaGanaRodolfo",Tue May 10 16:53:37 +0000 2022,"['Petro', 'Petro']",0.5515384674072266,0.09310178458690643,0.3553597331047058
95,564,ingrodolfohdez,"#NoComprendo como pretenden gobernar Fico o Petro, con medio pa√≠s en contra cada uno. Este pa√≠s necesita un presidente que lo una, no que lo divida.",Tue May 10 13:00:36 +0000 2022,['Petro'],0.18010853230953217,0.2517912983894348,0.5681002140045166
96,570,ingrodolfohdez,"La √∫nica manera que existe para bajar los intereses es con competencia. La plata no la botan los √°rboles. Cuando hay masas de capital restringido en el mercado, la tasa de inter√©s sube üìà que es lo que est√° pasando. @TelepacificoTV",Tue May 10 02:57:26 +0000 2022,['plata'],0.3673252761363983,0.2686500549316406,0.36402469873428345
97,581,ingrodolfohdez,La deuda externa es que nosotros gastamos m√°s plata üíµ de la que somos capaces de gastar fiscalmente la sumatoria de todos los colombianos. La deuda externa en Colombia con 175 mil millones de d√≥lares que genera 275 mil millones diarios de inter√©s.,Tue May 10 01:52:55 +0000 2022,['plata'],0.21028044819831848,0.5144539475440979,0.2752656638622284
98,588,ingrodolfohdez,#Campa√±aSuciaEs comprar votos con la misma plata que le han robado a los colombianos.,Mon May 09 15:29:30 +0000 2022,['plata'],0.2798197567462921,0.281678706407547,0.4385015070438385
99,590,ingrodolfohdez,"Mi campa√±a la pago yo, de mi propio bolsilloüí∞üòä.

#RodolfoHernandez #RodolfoPresidente #LigaAnticorrupcion #elecciones2022 https://t.co/8jkx7NeU46",Mon May 09 14:27:38 +0000 2022,['campa√±a'],0.3053273558616638,0.35722607374191284,0.3374466001987457
100,593,ingrodolfohdez,"Buenos d√≠as. Para que no olviden: en segunda vuelta yo le gano a petro.

#EnSegundaGanaRodolfo",Mon May 09 10:38:44 +0000 2022,['petro'],0.40064334869384766,0.14138294756412506,0.4579736888408661
101,596,ingrodolfohdez,"No hacer contrataciones con encorbatados que no van, sino el d√≠a que les van a pagar el acta, les pagan una miserableza y se traen el resto de la plata para Bogot√° #EnVivo üî¥ en el #DebateAmbiental üå± @noticiascaracol #RodolfoPresidente",Mon May 09 02:04:01 +0000 2022,['plata'],0.08508457988500595,0.6169049739837646,0.2980104088783264
102,600,ingrodolfohdez,"Aqu√≠ nos han metido cuentos de cobrar m√°s por todo porque van a ejecutar una obra  y resulta que la obra no la ejecutan, la plata la comprometen, se la roban, la malgastan, malos dise√±os y no terminan en nada #EnVivo üî¥ en el #DebateAmbiental üå± @noticiascaracol",Mon May 09 01:41:47 +0000 2022,['plata'],0.09876324981451035,0.6019410490989685,0.29929572343826294
103,602,ingrodolfohdez,"Tenemos todo para tener un pa√≠s bello. Todos los colombianos viviendo bien, decorosamente, pero tenemos unos administradores ladrones que solamente se preocupan por sus bolsillos. #EnVivo üî¥ en el #DebateAmbiental üå± @noticiascaracol #RodolfoPresidente",Mon May 09 01:31:10 +0000 2022,['ladron'],0.5101786255836487,0.18879923224449158,0.30102217197418213
104,605,ingrodolfohdez,"Las voces m√°s l√∫cidas se siguen sumando en respaldo a mi campa√±a, con la convicci√≥n de que soy la mejor decisi√≥n para el futuro de Colombia.

https://t.co/jq2i3nXKgq",Sun May 08 18:50:54 +0000 2022,['campa√±a'],0.3911532461643219,0.25190746784210205,0.35693931579589844
105,623,ingrodolfohdez,"#UnaVerdadUrgente es que Fico y Petro solo van a polarizar al pa√≠s. Colombia necesita un presidente que la una, no que la divida. #RodolfoHernandez",Thu May 05 14:39:23 +0000 2022,['Petro'],0.1847018003463745,0.2386307418346405,0.5766674876213074
106,652,ingrodolfohdez,La mejor reforma tributaria es sacar a los ladrones del gobierno‚òùÔ∏è. #EnVivo en ‚ÄúDesaf√≠os para el pa√≠s‚Äù en @EAFIT #EafitAlAgora #DebatesEE #HistoriasQueHacenPa√≠s,Tue May 03 16:30:36 +0000 2022,['ladron'],0.4659661054611206,0.34043246507644653,0.19360141456127167
107,653,ingrodolfohdez,Hay que inyectarle plata al campo y darles a los campesinos herramientas para que sus productos puedan competir con los que se importan. #EnVivo en ‚ÄúDesaf√≠os para el pa√≠s‚Äù en @EAFIT #EafitAlAgora #DebatesEE #HistoriasQueHacenPa√≠s,Tue May 03 16:07:27 +0000 2022,['plata'],0.3952769339084625,0.25834718346595764,0.3463759124279022
108,656,ingrodolfohdez,"Para poder ejecutar los programas que eliminen las brechas de desigualdad hay que entregarle la chequera a gente que sepa administrar y sacar a los que nos robaron los 70 mil millones, que pudo haber sido m√°s de 1 bill√≥n. #EnVivo en ‚ÄúDesaf√≠os para el pa√≠s‚Äù en @EAFIT #EafitAlAgora",Tue May 03 15:40:15 +0000 2022,['robar'],0.23236232995986938,0.3060813248157501,0.4615563154220581
109,657,ingrodolfohdez,Voy a representarlos y vamos a hacer lo que nadie se ha atrevido a hacer y es sacar a toda la ladronera del gobierno. #EnVivo en ‚ÄúDesaf√≠os para el pa√≠s‚Äù en @EAFIT #EafitAlAgora #DebatesEE #HistoriasQueHacenPa√≠s,Tue May 03 15:29:56 +0000 2022,['ladron'],0.33709970116615295,0.22850747406482697,0.4343928396701813
110,661,ingrodolfohdez,"La vida es lo primero. Amenazar de muerte a un candidato, es amenazar de muerte a la democracia. Mi solidaridad total con @petrogustavo .",Tue May 03 00:34:01 +0000 2022,['petro'],0.1489509493112564,0.6948610544204712,0.1561879962682724
111,662,ingrodolfohdez,"Duque se gasta 4.300 millones de pesos a costa de la plata de los estudiantes. Por qu√© no coger esa plata y saldar la deuda del Icetex de toda la muchachada? Muchas gracias a todos los estudiantes del Censa, que se acercaron a escucharme.
#RodolfoHernandez #RodolfoPresidente https://t.co/rhQuTPzco2",Tue May 03 00:16:58 +0000 2022,"['plata', 'plata']",0.34429967403411865,0.24464425444602966,0.4110561013221741
112,688,ingrodolfohdez,"Grav√≠simo que Piedad C√≥rdoba, como senadora, est√© yendo a ver extraditables. Ella como senadora deber√≠a velar por los intereses de los colombianos y estar pendiente de que la plata no se la roben, no la despilfarren.  #AEstaHora #EnVivo en @revistasemana",Fri Apr 29 17:43:27 +0000 2022,['plata'],0.13553161919116974,0.1707024872303009,0.6937659382820129
113,711,ingrodolfohdez,"En Colombia los pol√≠ticos corruptos acaban con el medio ambiente solo para llenarse los bolsillos de plata ü™µüí∞üòí

#RodolfoHernandez #RodolfoPresidente #LigaAnticorrupcion #Elecciones2022 #medioambiente https://t.co/UJlS5Z3hmJ",Wed Apr 27 20:30:53 +0000 2022,['plata'],0.08738691359758377,0.5610008835792542,0.3516122102737427
114,712,ingrodolfohdez,"No esperemos hasta el 29 de mayo para que el pa√≠s empiece a cambiar. #ElCambioComienzaHoy con peque√±os buenos actos ‚ù§Ô∏è‚Äçü©πüôåüèª.

Yo rete a @NataliaParis_ @juanpisrules @TatianaUGirardi @petrogustavo @sergio_fajardo @FicoGutierrez @IBetancourtCol 

Cu√°les son sus buenos actos? üëÄüôåüèª https://t.co/mX0gWe2FPW",Wed Apr 27 19:20:55 +0000 2022,['petro'],0.655782163143158,0.05547495558857918,0.28874287009239197
115,722,ingrodolfohdez,"#Cinismo es que cada d√≠a pretendan meterle m√°s y m√°s presupuesto a los sectores como educaci√≥n y salud, sabiendo que la soluci√≥n no es esa sino saberla administrar. Quieren m√°s plata para tener que echarse m√°s en los bolsillos.",Wed Apr 27 11:57:53 +0000 2022,['plata'],0.24869845807552338,0.39568641781806946,0.35561516880989075
116,724,ingrodolfohdez,"En educaci√≥n, aqu√≠ todo lo resuelven poniendo m√°s presupuesto, pero lo que se necesita saber es qui√©nes son los administradores de ese presupuesto. Se debe tener gente id√≥nea, gente que genere valor, conocimiento y eficiencia de la plata. üî¥ #EnVivo en #CandidatosAlTablero",Wed Apr 27 00:34:28 +0000 2022,['plata'],0.7646400928497314,0.08327540755271912,0.15208449959754944
117,726,ingrodolfohdez,"MI PROPUESTA PARA LA MUCHACHADA ENDEUDADA CON EL ICETEX! üìö

La plata de los lujos que le quitemos a los politiqueros servir√° para pagar la deuda que tiene la muchachada con el Icetex.

#RodolfoHernandez #RodolfoPresidente #LigaAnticorrupcion #Elecciones2022
#JuventudesConElInge https://t.co/E7JZlQRI0P",Tue Apr 26 21:55:04 +0000 2022,['plata'],0.7219590544700623,0.07097825407981873,0.2070627212524414
118,728,ingrodolfohdez,#NoSoporto que los medios sigan tratando de convencer a la gente de que las √∫nicas dos opciones son Fico y Petro. ü§∑üèº‚Äç‚ôÇÔ∏è #RodolfoPresidente #RodolfoPresidente,Tue Apr 26 15:16:20 +0000 2022,['Petro'],0.1905258595943451,0.2600838541984558,0.5493902564048767
119,742,ingrodolfohdez,"En Colombia el c√≥digo de procedimiento penal, cuando son delitos contra la administraci√≥n p√∫blica, es garantista para los ladrones, por eso esos procesos duran a√±os. Yo digo que hay que acabar con la impunidad y para hacerlo hay que modificar el c√≥digo de procedimiento penal.",Fri Apr 22 20:28:53 +0000 2022,['ladron'],0.2872941195964813,0.3948173224925995,0.3178885877132416
120,744,ingrodolfohdez,"Tenemos que reactivar a los campesinos, entregarles plata para que hayan cierres financieros y puedan competir con el mercado internacional. #AEstaHora en entrevista con el peri√≥dico @ElUniversalCtg",Fri Apr 22 20:25:51 +0000 2022,['plata'],0.362281858921051,0.29542508721351624,0.3422930836677551
121,750,ingrodolfohdez,Recoger las chequeras que tienen todos los ladrones en el Estado. Es concentrar el dinero en forma transparente y eficiente para poder meterle plata a este proyecto de ‚ÄòColombia mayor‚Äô. #AEstaHora #EnVivo en el #CongresoAsofondosFiap,Fri Apr 22 17:36:31 +0000 2022,"['ladron', 'plata']",0.354794442653656,0.33858445286750793,0.30662113428115845
122,754,ingrodolfohdez,"Si usted inyecta plata en la base, la econom√≠a se mueve porque hay consumo, hay demanda, hay transformaci√≥n, hay log√≠stica. #AEstaHora #EnVivo en el #CongresoAsofondosFiap",Fri Apr 22 17:32:23 +0000 2022,['plata'],0.39846882224082947,0.30956435203552246,0.29196688532829285
123,757,ingrodolfohdez,"El problema es que el presidente que gane se apelota, porque llegan all√° y hacen totalmente lo contrario a lo que prometieron en campa√±a. Dicen una cosa y cuando tienen el poder que le dimos nosotros a trav√©s del voto, hacen todo completamente diferente.  #CongresoAsofondosFiap",Fri Apr 22 17:29:07 +0000 2022,['campa√±a'],0.11441563814878464,0.4374648630619049,0.44811952114105225
124,776,ingrodolfohdez,"Petro va a las notar√≠as, Fico va a la Picota y yo voy a la plaza donde est√° el pueblo. üíõüíô 

#RodolfoPresidente #RodolfoHernandez",Wed Apr 20 16:36:40 +0000 2022,['Petro'],0.2861155867576599,0.3013951778411865,0.4124892055988312
125,791,ingrodolfohdez,#UnaTrampaEs hacernos creer que Petro y Fico son las √∫nicas dos opciones #RodolfoPresidente,Mon Apr 18 14:18:42 +0000 2022,['Petro'],0.1851922869682312,0.20475046336650848,0.6100572347640991
126,797,ingrodolfohdez,@AProgresista_ @PactoCol @petrogustavo @FranciaMarquezM @Margaritarosadf @CamiloRomero @sergio_fajardo @NT24co @AntanasMockus As√≠ es,Fri Apr 15 17:01:46 +0000 2022,['petro'],0.5001267194747925,0.0785357877612114,0.4213374853134155
127,799,ingrodolfohdez,"Si gana Petro o Fico esta ser√° de las √∫ltimas semanas donde el ayuno ser√° por convicci√≥n, los otros ser√°n por escasez. El campo necesita apoyo para volver y alimentarnos de lo que producimos üë©üèª‚Äçüåæüôåüèª

#RodolfoHernandez #RodolfoPresidente #LigaAnticorrupcion #Elecciones2022",Thu Apr 14 22:05:47 +0000 2022,['Petro'],0.20778074860572815,0.2443751096725464,0.5478440523147583
128,802,ingrodolfohdez,"Con la confusa aclaraci√≥n de Petro, el ""perd√≥n social"" acaba de entrar a la misma categor√≠a que la ""econom√≠a naranja"" de Duque. #RodolfoPresidente",Thu Apr 14 14:17:28 +0000 2022,['Petro'],0.13953641057014465,0.3558657467365265,0.5045978426933289
129,808,ingrodolfohdez,@EleccionesCol22 @FicoGutierrez @petrogustavo @ColombiaHumana_ @PactoCol @soyconservador @partidodelaucol Por m√≠ üëÜüèº,Wed Apr 13 17:30:32 +0000 2022,['petro'],0.24207870662212372,0.2203706055879593,0.5375507473945618
130,809,ingrodolfohdez,"#Reflexionemos
 @petrogustavo: El perd√≥n se gana, no se regala.",Wed Apr 13 13:50:34 +0000 2022,['petro'],0.3563730716705322,0.20848603546619415,0.4351409077644348
131,821,ingrodolfohdez,"Con @sergio_fajardo tenemos grandes diferencias, pero no estamos de acuerdo con el ataque que le est√°n haciendo algunos medios cercanos a otras campa√±as. As√≠ no se construye la democracia.",Sat Apr 09 18:41:23 +0000 2022,['campa√±a'],0.1909305602312088,0.2251998633146286,0.5838695764541626
132,828,ingrodolfohdez,"El recorte al despilfarro del gobierno permitir√° que, con esa plata, paguemos la deuda que tienen los muchachos de los estratos 1 y 2 con el ICETEX.

#RodolfoPresidente #RodolfoHernandez #LigaAnticorrupcion #Elecciones2022 #ElPa√≠sQuePropone",Fri Apr 08 18:00:34 +0000 2022,['plata'],0.09711920469999313,0.6555565595626831,0.24732427299022675
133,831,ingrodolfohdez,"Es deber del presidente velar por la plata que usted paga y tiene que respetarla para poder generar un impacto en el mejoramiento de vida de los colombianos.  

#RodolfoPresidente #RodolfoHernandez #LigaAnticorrupcion #Elecciones2022 #ElPa√≠sQuePropone",Fri Apr 08 17:40:15 +0000 2022,['plata'],0.39183545112609863,0.2531099319458008,0.3550545871257782
134,836,ingrodolfohdez,"Ahorita este jueves santo, que se supone que es de rezar, se siguen robando la plata de los colombianos. üôÑ

#RodolfoPresidente #RodolfoHernandez #LigaAnticorrupcion #Elecciones2022",Fri Apr 08 17:10:00 +0000 2022,['plata'],0.3027358055114746,0.35727980732917786,0.33998435735702515
135,840,ingrodolfohdez,"Hay que sacar a los ladrones para generar trabajo y bienestar a toda la cadena de gente que trabaja, gana muy poquito y le toca dur√≠simo. 

#RodolfoPresidente #RodolfoHernandez #LigaAnticorrupcion #Elecciones2022",Fri Apr 08 17:07:27 +0000 2022,['ladron'],0.14697282016277313,0.6210134029388428,0.2320137917995453
136,841,ingrodolfohdez,"Hay que sacar a los ladrones para generar trabajo y bienestar a toda la cadena de gente que trabaja, gana muy poquito y le toca dur√≠simo. 

#RodolfoPresidente #RodolfoHernandez #LigaAnticorrupcion #Elecciones2022",Fri Apr 08 17:05:45 +0000 2022,['ladron'],0.14697282016277313,0.6210134029388428,0.2320137917995453
137,845,ingrodolfohdez,"Todas las manifestaciones que los partidos pol√≠ticos hacen en Colombia son con plata robada. Mi objetivo es romper eso, porque sino lo hacemos, seguiremos de pobre. 

#RodolfoPresidente #RodolfoHernandez #LigaAnticorrupcion #Elecciones2022",Fri Apr 08 16:55:34 +0000 2022,['plata'],0.07657721638679504,0.6127831935882568,0.31063953042030334
138,856,ingrodolfohdez,"#NoEntiendo c√≥mo con la plata de los colombianos se pagan los lujos de los del copete, pero el Gobierno dice que no hay plata para invertir en darles a todos una vida digna. #RodolfoPresidente 

#RodolfoHernandez #FelizJueves #ProgresistaSigueProgresista",Thu Apr 07 11:59:58 +0000 2022,"['plata', 'plata']",0.4868384301662445,0.1154242530465126,0.3977373540401459
139,872,ingrodolfohdez,"De otra campa√±a presidencial est√°n utilizando a la Fiscal√≠a, con la colaboraci√≥n de algunos medios, para tratar de destruir mi candidatura presidencial. Hiloüßµ",Tue Apr 05 18:06:43 +0000 2022,['campa√±a'],0.13161857426166534,0.61773282289505,0.25064852833747864
140,891,ingrodolfohdez,"Nos vemos esta noche a las 10:00 p.m. con @LaTele_Letal en @RedMasNoticias, para que disfruten la cara de @MdeFrancisco12 tratando de domar su petrista internoüòÇ y dej√°ndose seducir por mi filosof√≠a pol√≠tica: No robar, no mentir, no traicionarüòÅ https://t.co/LzLE64IGjE",Mon Mar 28 15:00:42 +0000 2022,['robar'],0.33206963539123535,0.16857337951660156,0.4993570148944855
141,892,ingrodolfohdez,"#UnaBofetada es lo que nos han dado los politiqueros corruptos haci√©ndonos creer que pueden cambiar el pa√≠s cuando est√°n en campa√±a, pero despu√©s ü§°

#RodolfoHernandez #Oscars #WillSmith #FelizLunes #Elecciones2022",Mon Mar 28 12:52:07 +0000 2022,['campa√±a'],0.17774397134780884,0.26014038920402527,0.5621156692504883
142,896,ingrodolfohdez,"A m√≠ me bendice el Papaüôèüèª. A Petro y a Fico, los pol√≠ticos tradicionalesü§∑üèº. 

Nota completa üì≤@elespectador 
https://t.co/O5j0kNjc0T 

#RodolfoHernandez #Presidencia 
#Elecciones2022 #Colombia #ElPapa #spreaket",Fri Mar 25 15:41:53 +0000 2022,['Petro'],0.677936851978302,0.050776269286870956,0.27128690481185913
143,915,ingrodolfohdez,"‚ÄúRodolfo Supera a Petro, Fajardo y Fico‚Äú

#LigaAnticorrupcion #RodolfoHernandez https://t.co/riUhmbhZhr",Tue Mar 15 00:53:18 +0000 2022,['Petro'],0.31047573685646057,0.3246138393878937,0.36491039395332336
144,916,ingrodolfohdez,"Doctor @AABenedetti , el del alzheimer es otro que se le olvida de donde es que se roba la plata. Yo con mucho gusto me hago el examen f√≠sico, pero usted som√©tase al pol√≠grafo ¬°el que nada debe, nada teme! 

#RodolfoHernandez #LigaAnticorrupcion #Benedetti https://t.co/2rR6E5Oelq",Mon Mar 14 19:43:47 +0000 2022,['plata'],0.33687084913253784,0.28569433093070984,0.3774348497390747
145,923,ingrodolfohdez,"No me parezco a Petro.

#LigaAnticorrupcion #RodolfoHernandez https://t.co/8Tt4q4GhI9",Sat Mar 05 21:58:35 +0000 2022,['Petro'],0.05042215436697006,0.17974360287189484,0.7698342204093933
146,931,ingrodolfohdez,"No he autorizado, ni estoy haciendo recolecci√≥n de dinero para apoyar mi campa√±a a la Presidencia de la Rep√∫blica.

#LigaAnticorrupcion
#RodolfoHernandez https://t.co/OzhFs958DU",Fri Feb 25 14:51:33 +0000 2022,['campa√±a'],0.19806011021137238,0.4283101558685303,0.37362971901893616
147,940,ingrodolfohdez,Vamos a quitarle ‚Äú la chequera ‚Äú a todos los ladrones politiqueros ¬°Conmigo no se roba m√°s! https://t.co/GbRzJYPw2q,Thu Feb 17 19:53:40 +0000 2022,['ladron'],0.2466948926448822,0.3403206467628479,0.4129844903945923
148,945,ingrodolfohdez,"Comunicado de prensa de la campa√±a de Rodolfo Hern√°ndez

¬°RID√çCULO! https://t.co/hjqzbs3wLm",Sat Feb 12 23:20:12 +0000 2022,['campa√±a'],0.2913298010826111,0.3257496654987335,0.382920503616333
149,946,ingrodolfohdez,"¬øLe vamos a entregar la chequera a Petro? La sorpresa que se van a llevar los politiqueros va a ser monumental. 

#RodolfoHernandez #LigaAnticorrupcion https://t.co/HrGhN1ZS7d",Thu Feb 10 15:43:46 +0000 2022,['Petro'],0.33665671944618225,0.2819764018058777,0.38136690855026245
150,949,ingrodolfohdez,Ni Uribe Ni Petro https://t.co/RY9kQvjzmB,Wed Feb 09 12:56:35 +0000 2022,['Petro'],0.16529910266399384,0.2800382971763611,0.5546626448631287
151,966,ingrodolfohdez,"Si nosotros nos quitamos los ladrones de encima, esto se salva. Como dijo P√©rez Esquivel: ""los pobres no duermen porque tienen hambre, los ricos no duermen porque le tienen miedo a los pobres ¬øC√≥mo hacemos para que los pobres y ricos podamos dormir bien?"" 

#SemanaTV #YoVotoPor https://t.co/EsZp0nP76r",Tue Jan 25 18:23:52 +0000 2022,['ladron'],0.6670905947685242,0.10276399552822113,0.23014546930789948
152,969,ingrodolfohdez,Usted es un mentiroso y farsante @FicoGutierrez #SemanaTV #YoVotoPor #ColombiaVotaPor #RodolfoHernandez #LigaAnticorrupcion https://t.co/TRWIlMgVNA,Tue Jan 25 16:56:50 +0000 2022,['mentiroso'],0.009931103326380253,0.896258533000946,0.09381033480167389
153,970,ingrodolfohdez,"La base de mi campa√±a ser√° sacar a todos los ladrones del gobierno, esa es la mejor reforma tributaria. 
#SemanaTV #YoVotoPor #ColombiaVotaPor #RodolfoHernandez #LigaAnticorrupcion",Tue Jan 25 16:30:20 +0000 2022,"['campa√±a', 'ladron']",0.39103996753692627,0.2752411365509033,0.3337189555168152
154,992,ingrodolfohdez,"Lo reto doctor @petrogustavo, a ver si es tan machito.

https://t.co/LuY5Nji5hD",Tue Jan 11 21:31:03 +0000 2022,['petro'],0.28802764415740967,0.2919370234012604,0.42003533244132996
155,1001,ingrodolfohdez,"Todo eso de las consultas es para sacarla plata al Gobierno ¬°Yo no hago eso! 

#RodolfoHernandez #LigaAnticorrupcion https://t.co/Am7aXdfjBJ",Fri Jan 07 16:31:47 +0000 2022,['plata'],0.14120018482208252,0.35859179496765137,0.5002080202102661
156,1002,ingrodolfohdez,"#NoMas de lo mismo. Si seguimos votando por politiqueros ladrones esto no lo ataja nadie. ¬°Colombianos, recuerden que el 2022 es la hora del Colombia!üá®üá¥

#RodolfoHernandez #LigaAnticorrupcion",Fri Jan 07 13:49:00 +0000 2022,['ladron'],0.11488909274339676,0.22136369347572327,0.6637471914291382
157,1007,ingrodolfohdez,"Colombia no necesita m√°s reformas tributarias, lo que necesita es menos ladrones üëáüèºüá®üá¥ | Entrevista con @BluRadioCo en Ma√±anas Bluüìª @ZuluagaCamila  
#RodolfoHernandez #LigaAnticorrupcion https://t.co/chWt6Wpmfe",Mon Jan 03 20:25:13 +0000 2022,['ladron'],0.3171359598636627,0.19466735422611237,0.4881967008113861
158,1012,ingrodolfohdez,"Doctor @petrogustavo para conectar con la gente se necesita mucho m√°s que redes y para saber administrar, m√°s que 40 a√±os en pol√≠tica. https://t.co/2hR509iS6f",Thu Dec 23 20:02:01 +0000 2021,['petro'],0.3300325870513916,0.2986864745616913,0.3712809681892395
159,1024,ingrodolfohdez,"Me hicieron llegar este video a la redüëÜüèª. De la plata de los colombianos se gastan millones de pesos en pistolas, guardaespaldas y camionetas protegiendo a los ladrones de cuello blanco m√°s grandes del pa√≠s ¬øy yo? Sin miedo al √©xitoüòé

#RodolfoHernandez #LigaAnticorrupcion https://t.co/60hiYbVIZU",Fri Dec 17 20:18:40 +0000 2021,"['plata', 'ladron']",0.27011892199516296,0.29555052518844604,0.434330552816391
160,1050,ingrodolfohdez,"Si no robar, no mentir, no traicionar, cero impunidad y defender a los colombianos es estar loco ¬°s√≠, estoy loco! 

#RodolfoHernandez #LigaAnticorrupcion https://t.co/i0nKhcyiKE",Sat Dec 04 13:14:01 +0000 2021,['robar'],0.03934786468744278,0.7900139093399048,0.17063817381858826
161,1066,ingrodolfohdez,"Los transportadores de carga en #Colombia necesitan un gobierno q se preocupe por mejorar la infraestructura vial del pa√≠s, para poder impulsar la competitividad. Ya es hora de q dejen de robarse la plata q, pagamos en los peajes y se empiecen a invertir de vdd. #45a√±oscolfecar https://t.co/k9fJTN6wUL",Thu Nov 25 23:07:46 +0000 2021,"['robar', 'plata']",0.2031795233488083,0.3935965597629547,0.4032239019870758
162,1076,ingrodolfohdez,"Todo aquel que se robe desde una aguja hasta 10.000 millones de d√≥lares de la plata de los colombianos, se va para la c√°rcel sin distinci√≥n alguna. #RodolfoHernandez #LigaAnticorrupcion https://t.co/XzJoD7hqy3",Fri Nov 19 18:27:02 +0000 2021,['plata'],0.20929671823978424,0.36342406272888184,0.42727920413017273
163,1118,ingrodolfohdez,No es poner m√°s plata para mejorar el servicio de salud #Elecciones2022 #YoVotoPor #RodolfoHernandezEs  #SemanaTv https://t.co/Fbo0jt2jBR,Mon Nov 08 01:04:39 +0000 2021,['plata'],0.22880102694034576,0.3209199607372284,0.45027899742126465
164,1121,ingrodolfohdez,"Entre m√°s plata tenga en el bolsillo los colombianos, mejor nos va a los industriales, a los que producimos, pero los politiqueros se han dedicado a robarle al pueblo colombiano #ElDebate #Elecciones2022 #YoVotoPor #SemanaTv #RodolfoHernandezEs",Mon Nov 08 00:44:13 +0000 2021,"['plata', 'robar']",0.24693895876407623,0.22271323204040527,0.5303477644920349
165,1125,ingrodolfohdez,"Una pol√≠tica neoliberal encabezada por C√©sar Gaviria Trujillo acab√≥ con el campo y lo que se necesita es aplicar plata al campo con subsidios, pero no regalando plata sino equilibrando costos #ElDebate #Elecciones2022",Mon Nov 08 00:11:27 +0000 2021,"['plata', 'plata']",0.2832321226596832,0.42682603001594543,0.28994181752204895
166,1132,ingrodolfohdez,"Yo NO #estoyconpetro ni con nadie, mi coalici√≥n es con los colombianos y en primera vuelta voy a arrasar con todossss.

#felizsabado
#IngRodolfo",Sat Nov 06 12:25:19 +0000 2021,['petro'],0.3553351163864136,0.08513712137937546,0.5595277547836304
167,1142,ingrodolfohdez,"La #InseguridadEs una consecuencia de haber elegido bandidos y ladrones durante m√°s de 30 a√±os, se robaron el futuro de las nuevas generaciones y nos dejaron caos, miseria y desolaci√≥n.

#IngRodolfo
#SomosV√≠ctimasDe",Thu Nov 04 12:01:25 +0000 2021,"['ladron', 'robar']",0.03688574582338333,0.5704526901245117,0.3926616311073303
168,1146,ingrodolfohdez,Mi √∫nica coalici√≥n ser√° con los colombianos. Gracias por la invitaci√≥n @petrogustavo pero #UnCompletoDescaroEs que sigan enga√±ando a los colombianos con el cuentico de las coaliciones. https://t.co/9wIknlV4EZ,Wed Nov 03 13:47:23 +0000 2021,['petro'],0.21437962353229523,0.2142450362443924,0.57137531042099
169,1165,ingrodolfohdez,"¬°De esta clase de politiqueros, mentirosos triple redomados es que en #Colombia estamos mamados! | #IngRodolfo https://t.co/pkDzknV7mY",Wed Oct 20 15:03:53 +0000 2021,['mentiroso'],0.047098029404878616,0.7356866002082825,0.2172153741121292
170,1178,ingrodolfohdez,"En el Ministerio hay un poco de funcionarios ladrones metidos por pol√≠ticos. Son unos ladrones redomados. #AEstaHoraüî¥ En ""Hable con El Ingeniero""",Tue Sep 28 01:58:03 +0000 2021,"['ladron', 'ladron']",0.14782245457172394,0.6865074634552002,0.16567005217075348
171,1188,ingrodolfohdez,"Aqu√≠ no queremos ladrones que se camuflan, se visten de Madres Teresa de Calcuta y de Papas Francisco. #AEstaHoraüî¥ En ""Hable con El Ingeniero""",Tue Sep 28 01:25:32 +0000 2021,['ladron'],0.17128784954547882,0.3765820562839508,0.4521300196647644
172,1191,ingrodolfohdez,"Los candidatos creen en la pol√≠tica a la vieja usanza. Recogiendo plata de los pol√≠ticos, de todos los empresarios y en las elecciones repetir esa macabra acci√≥n que hacen que es la compra de votos. #AEstaHoraüî¥ En ""Hable con El Ingeniero""",Tue Sep 28 01:13:28 +0000 2021,['plata'],0.6932843327522278,0.1149594858288765,0.19175618886947632
173,1199,ingrodolfohdez,"""Se puede trabajar si se pone gente honrada a que administre la plata de Colombia"" #AEstaHora en rueda de prensa üéôÔ∏è desde #Bogot√°.",Fri Sep 24 13:33:30 +0000 2021,['plata'],0.5253669023513794,0.1566157191991806,0.3180173635482788
174,1219,ingrodolfohdez,"""Los politiqueros que nos gobiernan hace mas de 30 a√±os se han adue√±ado de nuestro sistema de salud y lo han convertido en un negocio, donde la plata es m√°s importante que la vida"" #AEstaHora üî¥ en Hable con El Ingeniero",Tue Sep 21 01:28:42 +0000 2021,['plata'],0.45981472730636597,0.2549927830696106,0.28519248962402344
175,1249,ingrodolfohdez,"""El abandono es la consecuencia y cu√°l es la causa. La causa es que estamos siendo gobernados por politiqueros ladrones que hacen negocio para beneficiar su patrimonio individual"" | #AEstaHora üî¥ - en #HableConElIngeniero",Tue Sep 14 01:31:02 +0000 2021,['ladron'],0.11239884793758392,0.3898192346096039,0.497781902551651
176,1258,ingrodolfohdez,"""Saque a todos esos ladrones corruptos pa‚Äô la calle‚Äù me dice la gente mientras recorro #Valledupar, eso son sentimientos y si hay sentimientos hay verdades. | #IngRodolfo #YoSoyRodolfista https://t.co/cK4BYolhBJ",Fri Sep 10 19:56:40 +0000 2021,['ladron'],0.13068929314613342,0.3838985860347748,0.4854120910167694
177,1262,ingrodolfohdez,"""Yo no me preocupo por lo que suba o baje #Petro, me preocupo por conocer todos los municipios de #Colombia y una vez me conozcan, decidan si le entregan la chequera a @petrogustavo o a Rodolfo Hern√°ndez"" -  #AEstaHoraEnVivoüî¥ con @VickyDavilaH en @RevistaSemana üéôÔ∏è https://t.co/xSsBekCt7c",Thu Sep 09 17:33:16 +0000 2021,"['Petro', 'petro']",0.08847859501838684,0.11501400172710419,0.7965073585510254
178,1264,ingrodolfohdez,"""El politiquero ladr√≥n elige a quien robar y el ciudadano, a quien lo roba ¬°ESO SE TIENE QUE ACABAR!"" #AEstaHoraEnVivoüî¥ en Rueda de PrensaüéôÔ∏è desde #Valledupar.",Thu Sep 09 16:55:38 +0000 2021,['robar'],0.171698659658432,0.6132462024688721,0.21505510807037354
179,1269,ingrodolfohdez,"@LigaGobernantes @El_Pilon @TuValledupar @CacicaStereo @ElBochincheVpar @RadNalCo @elpoligrafo1 @ATLinnovacion @rcnradio @HELIODOPTERO @RevistaSemana ""El tema de Colombia no es otro, que los politiqueros se est√°n robando la plata a toneladas""  #AEstaHoraEnVivo en Rueda de Prensa desde #Valledupar.",Thu Sep 09 16:30:06 +0000 2021,['plata'],0.2317243069410324,0.258626788854599,0.509648859500885
180,1271,ingrodolfohdez,"Si @vanguardiacom est√° preocupada por mi campa√±a, deber√≠a estarlo por #Bucaramanga y sus gobernantes. La inseguridad est√° por las nubes, se roban hasta una escupida y no se puede ni salir a comer pa' ayudar a los que se est√°n quebrando. ¬øY los concejales? Calladitos. https://t.co/1Gjy73iQEd",Tue Sep 07 19:35:59 +0000 2021,['campa√±a'],0.12820900976657867,0.6370517611503601,0.2347392588853836
181,1292,ingrodolfohdez,"‚ÄúMientras la corrupci√≥n se robe la plata de la inversi√≥n, el desempleo subir√°‚Äù #AEstaHora üî¥ en #RuedaDePrensa desde San Gil. https://t.co/61TZpksvt5",Fri Sep 03 14:27:42 +0000 2021,['plata'],0.15436626970767975,0.6924508810043335,0.15318283438682556
182,1299,ingrodolfohdez,"""Escuchen colombianos, el presidente @IvanDuque  se tira 4,350,000,000 de pesos diarios. Imag√≠nense el derroche de plata tan berraco que hay"" #AestaHoraüî¥ en @TvOrinoquia",Thu Sep 02 12:37:22 +0000 2021,['plata'],0.057339735329151154,0.6731870770454407,0.26947319507598877
183,1305,ingrodolfohdez,"""Los pol√≠ticos se roban la plata y ponen a los muchachos a pagar el estudio que el Estado les deber√≠a dar"" - El #IngRodolfo a esta hora en #5MinutosConElIngeniero",Wed Sep 01 21:19:48 +0000 2021,['plata'],0.27537795901298523,0.44307106733322144,0.2815510034561157
184,1315,ingrodolfohdez,"""Eso es mejor darle la plata de PAE a la mam√° de los ni√±os"" #IngRodolfo en ""Hable con El Ingeniero‚Äù #95",Tue Aug 31 01:34:38 +0000 2021,['plata'],0.46868130564689636,0.2138141244649887,0.31750452518463135
185,1324,ingrodolfohdez,"‚ÄúEsa plata no es para m√≠, es para atender a los gastos que se van a generar en cada una de las campa√±as en los departamentos en C√°mara y Senado‚Äù -#IngRodolfo en ‚ÄúHable con El Ingeniero‚Äù #95",Tue Aug 31 01:12:13 +0000 2021,"['plata', 'campa√±a']",0.19986295700073242,0.4004107713699341,0.3997263014316559
186,1325,ingrodolfohdez,"‚ÄúLa plata que se pide a c√°mara y senado es una p√≥liza de seguridad, una p√≥liza de cumplimiento. Yo no puedo seguir pagando hist√≥ricamente todos los gastos que genere para ser elegido senador o representante a la c√°mara por cualquiera de los departamentos""  -#IngRodolfo",Tue Aug 31 01:11:25 +0000 2021,['plata'],0.35662490129470825,0.28655555844306946,0.3568195700645447
187,1336,ingrodolfohdez,"""El que compra votos para llegar, llega a robar"" - #IngRodolfo",Wed Aug 25 21:21:09 +0000 2021,['robar'],0.1671101450920105,0.4536374807357788,0.3792523741722107
188,1347,ingrodolfohdez,#RodolfoHernandezSuperaAPetro https://t.co/zQMtcHuDOi,Mon Aug 23 16:43:34 +0000 2021,['Petro'],0.3912450969219208,0.24497538805007935,0.36377957463264465
189,1356,ingrodolfohdez,"""¬øQu√© es una #ReformaTributaria ?Quitarle la plata al sector productivo y entreg√°rsela a los politiqueros para que sigan robando"" #IngRodolfo a esta hora en entrevista con @VickyDavilaH en @RevistaSemana .",Wed Aug 18 17:55:48 +0000 2021,['plata'],0.22002461552619934,0.2801946699619293,0.49978071451187134
190,1379,ingrodolfohdez,"¬°QUINDIANOS! @LigaGobernantes üëàüèº es nuestro movimiento significativo de cuidadanos que al igual que yo, tienen la filosofia de: No robar, No mentir, No traicionar y Cero Impunidad. #IngRodolfo.",Thu Aug 12 17:24:29 +0000 2021,['robar'],0.26676273345947266,0.14717625081539154,0.5860610008239746
191,1395,ingrodolfohdez,"@marianapajon y @RamirezBmx ¬°Son unos berracos estos muchachos! Gracias por regalarle a los colombianos esta inmensa alegr√≠a 

#Tokio2022 #JuegosOlimpicos #plata #OrgulloColombiano https://t.co/etWnrvTYbK",Fri Jul 30 04:48:10 +0000 2021,['plata'],0.43923550844192505,0.08226659148931503,0.4784979522228241
192,1400,ingrodolfohdez,"¬°Lo advert√≠ desde hace un a√±o! Esta familia de bandidos se han hecho elegir con plata robada y han traicionado a los electores, espero que la justicia act√∫e pronto con @MAguilarHurtado por que con @RICHARDAGUILARV se demoraron 7 a√±os y medio en hacer una suma. https://t.co/NySno90hx3",Wed Jul 28 13:33:11 +0000 2021,['plata'],0.14959898591041565,0.5533882975578308,0.29701265692710876
193,1402,ingrodolfohdez,#SalvemosA los colombianos de las manos de mentirosos y corruptos que nos gobiernan hace m√°s de 30 a√±os. #IngRodolfo,Tue Jul 27 12:16:48 +0000 2021,['mentiroso'],0.2524968683719635,0.4625542461872101,0.2849489450454712
194,1405,ingrodolfohdez,¬øQu√© es una #ReformaTributaria ? ¬°Quitarle la plata a los m√°s pobres y d√°rsela a los pol√≠ticos para que se la roben! #IngRodolfo https://t.co/SSmhkWwhko,Wed Jul 14 16:38:10 +0000 2021,['plata'],0.2585335373878479,0.349589467048645,0.3918769657611847
195,1468,ingrodolfohdez,Adhiero a las manifestaciones de @sergio_fajardo y @petrogustavo sobre la necesidad de establecer un di√°logo democr√°tico sin agresiones ni violencia de todos los sectores progresistas que quieren construir una nueva pol√≠tica y una nueva democracia sin exclusiones ni odios https://t.co/TzD80UJ6uc,Tue May 18 18:41:33 +0000 2021,['petro'],0.2055138796567917,0.25324469804763794,0.541241466999054
196,1486,ingrodolfohdez,"Estos incendios sociales no se apagan echando bala y quieren atacar las consecuencias porque las causas son ellos: esta casta de ladrones impunes que nos gobierna solo para mantener los privilegios, los lujos y el despilfarro que ha desangrado al pa√≠s hace m√°s de 30 a√±os.",Tue May 04 19:30:14 +0000 2021,['ladron'],0.17982888221740723,0.6698678731918335,0.15030327439308167
197,1489,ingrodolfohdez,"Lo que pasa en Cali, Medell√≠n, Bogot√° y toda Colombia es la consecuencia de haber votado por atracadores y ladrones que solo les importa sus intereses personales. #ColombiaResiste #ParoIndefinido",Sat May 01 15:27:52 +0000 2021,['ladron'],0.1344703882932663,0.43860557675361633,0.42692407965660095
198,1493,ingrodolfohdez,¬°Que tal! Los concejales de #Floridablanca exigiendo que no se les diga ladrones ni atracadores cuando son los ciudadanos del pueblo quienes lo dicen. Estos politiqueros nos amenazan con callarnos. Les informamos que aqu√≠ todos estamos listos para darnos esta lucha por la gente. https://t.co/e24eBv0H2c,Tue Apr 27 16:35:38 +0000 2021,['ladron'],0.3804313540458679,0.3070339560508728,0.31253477931022644
199,1505,ingrodolfohdez,Result√≥ @JDCavanzoOrtiz m√°s mentiroso que @JCardenasRey https://t.co/jstRJHRXT6,Wed Apr 07 21:36:54 +0000 2021,['mentiroso'],0.017071599140763283,0.9106508493423462,0.07227760553359985
200,1508,ingrodolfohdez,"‚ÄúNo me voy a Aliar con ladrones, me voy a Aliar con el pueblo‚Äú Rodolfo Hern√°ndez, un fen√≥meno electoral.
Leer üëáüèº
https://t.co/TCnOn0Waba",Tue Apr 06 19:42:21 +0000 2021,['ladron'],0.2613919675350189,0.30492281913757324,0.4336852729320526
201,1544,ingrodolfohdez,"Si seguimos eligiendo ladrones, pueden hacer todo las reformas tributarias que quieran que ninguna plata les alcanza. ¬°Pobre Colombia! 

https://t.co/tcn4ghVFvq",Tue Mar 09 16:49:51 +0000 2021,"['ladron', 'plata']",0.09605356305837631,0.7130144238471985,0.1909320205450058
202,1571,ingrodolfohdez,#EsNuestraCulpaQue nos sigan gobernando politiqueros ladrones y los pobres sean cada d√≠a mas pobres.,Wed Feb 24 14:01:02 +0000 2021,['ladron'],0.17491912841796875,0.5441132187843323,0.28096771240234375
203,1573,ingrodolfohdez,Hoy me hicieron una muy grata invitaci√≥n a la inauguraci√≥n de la Liga de Baloncesto de #Santander ¬°Talento deportivo es lo que tenemos en este pa√≠s! L√°stima que los pol√≠ticos se roban la plata y los escenarios deportivos son una verg√ºenza ¬øVamos  a seguir votando por ellos? https://t.co/ToeyJTBoaE,Wed Feb 24 01:20:07 +0000 2021,['plata'],0.7270650267601013,0.05343735218048096,0.21949756145477295
204,1607,ingrodolfohdez,‚ÄúMe lanzo a la presidencia porque soy capaz de acabar con la ladronera‚Äù @RevistaSemana https://t.co/eou30zo8VE,Sun Feb 07 16:25:41 +0000 2021,['ladron'],0.4126424193382263,0.2667435109615326,0.3206140398979187
205,1674,ingrodolfohdez,"Cuando no se roban la plata, se puede invertir en escenarios de talla mundial para que nuestros deportistas tambi√©n tengan la oportunidad de ser de talla mundial. https://t.co/5e8UK6GNtP",Thu Oct 29 15:53:14 +0000 2020,['plata'],0.4988776743412018,0.20698869228363037,0.29413366317749023
206,1686,ingrodolfohdez,"@JCardenasRey Ser√≠a bueno q aclarara q de las 100 obras q usted dice q est√°n entregando, todas son de mi adm√≥n, no algunas. Tambi√©n debe decir q le dejamos el 100% de la plata como reserva presupuestal liquida para atender al pago de las mismas. Lo invito a hacer la aclaraci√≥n respectiva.",Thu Oct 08 17:19:19 +0000 2020,['plata'],0.4964757263660431,0.20139560103416443,0.3021286427974701
207,1696,ingrodolfohdez,"Yo tengo enormes diferencias con @JuanManSantos y @petrogustavo, no comparto para nada la manera de ver el pa√≠s ¬°Pero los respeto porque eso es la democracia! Los respeto porque son compatriotas descalificados por un jefe de estado extranjero.",Tue Sep 29 01:14:33 +0000 2020,['petro'],0.30833667516708374,0.24320527911186218,0.4484580457210541
208,1697,ingrodolfohdez,"@RevistaSemana @MAndreaNieto Yo tengo enormes diferencias con Santos y Petro, no comparto para nada la manera de ver el pa√≠s, pero los respeto! Los respeto por que son compatriotas descalificados por un jefe de estado extranjero, y los respeto porque eso es la democracia!",Tue Sep 29 01:07:20 +0000 2020,['Petro'],0.2670551538467407,0.1318514496088028,0.6010933518409729
209,1719,ingrodolfohdez,El Presidente sigue de comentarista en la televisi√≥n como si estuviera en campa√±a para las elecciones‚Ä¶ hay que avisarle que las elecciones ya pasaron y que ya lleva dos a√±os de gobierno.,Thu Aug 20 00:10:42 +0000 2020,['campa√±a'],0.382823646068573,0.28573134541511536,0.33144500851631165
210,1726,ingrodolfohdez,"Claro q hay q modificar la constituci√≥n! la constituci√≥n actual, antes los favorece, pq el voto no es obligatorio y vota menos gente! eso es lo q hay q modificar de nuestra constituci√≥n! con el voto obligatorio se les termina el imperio a toda esta ladronera!",Sun Aug 16 15:01:56 +0000 2020,['ladron'],0.3142951726913452,0.43236973881721497,0.25333502888679504
211,1739,ingrodolfohdez,"Ponen a la senadora Paloma Valencia, de paloma mensajera a decir cosas que ellos no se animan, ellos quieren una justicia que no act√∫e, que no investigue, que no mande a la c√°rcel a toda esa ladronera impune que ha tomado por asalto los recursos p√∫blicos de Colombia.",Thu Aug 13 11:01:25 +0000 2020,['ladron'],0.19472233951091766,0.25831347703933716,0.546964168548584
212,1783,ingrodolfohdez,"¬øQu√© har√≠a yo, en esta emergencia? lo primero que har√≠a con esos 43 billones es poner plata en el bolsillo de la gente, ¬øqu√© comprar√≠a la gente con esa plata? pues comida! medicamentos! ropa! y eso es lo que realmente mover√≠a la econom√≠a, no los electrodom√©sticos‚Ä¶",Sun Jul 12 11:01:33 +0000 2020,"['plata', 'plata']",0.3272399604320526,0.2720983028411865,0.40066173672676086
213,1790,ingrodolfohdez,@IvanDuque ¬øpor qu√© en lugar de darle plata a los hospitales le da plata a los intermediarios financieros?,Fri Jul 10 15:02:25 +0000 2020,"['plata', 'plata']",0.21625277400016785,0.35291600227355957,0.4308311641216278
214,1791,ingrodolfohdez,"La econom√≠a se reactiva, promoviendo el consumo de alimentos y ropa, no de electrodom√©sticos importados, la econom√≠a se reactiva de abajo hacia arriba protegiendo a los Colombianos m√°s vulnerables con la #RBU, la econom√≠a se reactiva poniendo plata en el bolsillo de la gente.",Fri Jul 10 11:01:28 +0000 2020,['plata'],0.34783393144607544,0.34263110160827637,0.3095349371433258
215,1799,ingrodolfohdez,"Mientras que: ‚ÄúNo robar, No mentir, No traicionar‚Äù no sea el pan de cada d√≠a esto no lo arregla nadie.",Tue Jul 07 17:46:49 +0000 2020,['robar'],0.20679515600204468,0.296090304851532,0.49711453914642334
216,1825,ingrodolfohdez,"El Procurador se ha dedicado a perseguirme porque digo las cosas como son; porque como Alcalde denunci√© con nombre y apellido, de frente y sin miedo a toda la ladronera politiquera de Santander.",Thu Jun 18 14:20:23 +0000 2020,['ladron'],0.22939635813236237,0.37753552198410034,0.3930681347846985
217,1837,ingrodolfohdez,"Para q sirven los 3 d√≠as sin IVA si nadie va a poder comprar nada? para q sirven los 3 d√≠as sin IVA sin prima? todo al rev√©s! en lugar de impulsar el consumo, se le quita la plata de la prima a la gente, h√°game el favor!!!!",Sun Jun 14 23:01:51 +0000 2020,['plata'],0.1533883959054947,0.5444822311401367,0.302129328250885
218,1847,ingrodolfohdez,"A pesar del robo salvaje q ha sufrido Colombia durante a√±os, todav√≠a hay en las arcas recursos suficientes para aplicar la #RBU, si no lo hacen es pq no quieren! o pq siguen esperando q llueva plata de arriba para abajo, algo q no pas√≥ nunca y mucho menos va a pasar ahora.",Fri Jun 12 11:01:46 +0000 2020,['plata'],0.23013706505298615,0.4051834046840668,0.3646795153617859
219,1849,ingrodolfohdez,"Se han robado lo q produjeron los Colombianos en los √∫ltimos 20 a√±os, se robaron varios PIB, se robaron los millones de d√≥lares q pidieron a la Banca Multilateral y tambi√©n se van a robar los 11 mil millones q ahora le solicitan al Fondo Monetario Internacional, sin verg√ºenzas!!!",Thu Jun 11 15:10:26 +0000 2020,"['robar', 'robar', 'robar']",0.16788992285728455,0.6420689225196838,0.1900412142276764
220,1851,ingrodolfohdez,"@IvanDuque deje las recetas neoliberales de lado, el √∫nico remedio para la reactivaci√≥n es poner plata en el bolsillo de la gente!!! con la RBU - Renta B√°sica Universal",Thu Jun 11 11:05:24 +0000 2020,['plata'],0.2541775107383728,0.3442894220352173,0.40153300762176514
221,1854,ingrodolfohdez,"La plata no escurre de arriba para abajo, la plata brota! brota de abajo para arriba, la plata en el bolsillo de la gente es un brote que hace florecer el consumo, si florece el consumo, si se reactiva el consumo. #EstadoDeBienestar",Wed Jun 10 15:02:00 +0000 2020,"['plata', 'plata', 'plata']",0.329865425825119,0.1951046735048294,0.475029855966568
222,1855,ingrodolfohdez,"Sin consumo no hay producci√≥n, sin consumo no hay reactivaci√≥n, sin consumo no hay econom√≠aaaaaaaaaa!!!!!!!! Sr. Presidente @IvanDuque no espere que llueva plata de los ricos y les llegue a los pobres, es m√°s f√°cil que llueva caf√© que plata!!!",Wed Jun 10 11:01:04 +0000 2020,"['plata', 'plata']",0.26231977343559265,0.44121816754341125,0.2964620590209961
223,1857,ingrodolfohdez,"Fui el primero en lanzar la propuesta de la RBU (Renta B√°sica Universal) a la que ahora se suma el partido verde y hasta el presidente de la ANDI,  pero el Presidente @IvanDuque no escucha o no entiende, sigue dandole plata a los ricos!",Tue Jun 09 15:01:14 +0000 2020,['plata'],0.28680533170700073,0.3691560924053192,0.34403854608535767
224,1865,ingrodolfohdez,"Es muy triste para los Colombianos saber que nos han mentido, saber que nos han manipulado. ¬°No robar, No mentir y No traicionar, de eso se trata Colombia!",Sat Jun 06 11:00:56 +0000 2020,['robar'],0.06619608402252197,0.4359859824180603,0.49781790375709534
225,1875,ingrodolfohdez,"Hilo | La semana pasada puse en la mesa mi propuesta: El #RetoDemocr√°tico2022, si los Colombianos quieren salir de esta dictadura de la corrupci√≥n, deben salir primero de los que financian sus campa√±as ‚¨á",Tue Jun 02 17:20:02 +0000 2020,['campa√±a'],0.24295781552791595,0.3623686134815216,0.39467355608940125
226,1880,ingrodolfohdez,"¬øCu√°les son las consecuencias de tener en el poder a politiqueros con campa√±as financiadas? lo que el #Coronavirus est√° destapando y poniendo a la vista de todos: No tenemos hospitales, No tenemos agua potable, No tenemos unidades de cuidados intensivos, No tenemos respiradores‚Ä¶",Sun May 31 11:01:04 +0000 2020,['campa√±a'],0.12055665254592896,0.5417697429656982,0.3376736342906952
227,1882,ingrodolfohdez,"¬°El neoliberalismo no tiene nada de liberal! el neoliberalismo es una c√°rcel que aprisiona a la econom√≠a informal, y los carceleros son la ladronera politiquera y corrupta! ellos son los que aseguran el ‚Äúsistema‚Äù",Sat May 30 11:30:24 +0000 2020,['ladron'],0.07180513441562653,0.4753672480583191,0.4528275728225708
228,1888,ingrodolfohdez,"La reforma laboral es dividir el trabajo reduciendo horas y salarios para mostrar que se generan nuevos empleos y en realidad, se est√° reduciendo el empleo que ya existe, ¬°una farsa! un compromiso del gobierno con los que les financian las campa√±as. ¬°No tienen escr√∫pulos!",Wed May 27 15:30:44 +0000 2020,['campa√±a'],0.14990055561065674,0.5046374797821045,0.34546196460723877
229,1889,ingrodolfohdez,"¬øLa reforma laboral es otra de las solicitudes de los q financian las campa√±as pol√≠ticas?, es reducir hrs de trabajo como propuso  @AlvaroUribeVel ?, Uribe tira la piedra y esconde la mano: dice reducir hrs pero no dice q tambi√©n significa reducir salarios y prestaciones!",Wed May 27 00:09:36 +0000 2020,['campa√±a'],0.23942750692367554,0.38051626086235046,0.3800561726093292
230,1890,ingrodolfohdez,"He le√≠do que @FenalcoNacional est√° solicitando la suspensi√≥n del pago de la prima, ¬øsuspender la prima?¬øcomo as√≠? ¬øde d√≥nde sale esa idea?. ¬°Cuando m√°s se necesita poner plata en el bolsillo de la gente lo que se est√° proponiendo es quitarsela!
#IngRodolfoHernandez",Tue May 26 15:00:57 +0000 2020,['plata'],0.1823614090681076,0.46253272891044617,0.35510584712028503
231,1932,ingrodolfohdez,"Estimado Gustavo, mucha energ√≠a
@petrogustavo https://t.co/JsVKdKYjvE",Tue Apr 14 21:00:23 +0000 2020,['petro'],0.867851197719574,0.05288705602288246,0.07926180958747864
232,1952,ingrodolfohdez,"Yo no pido y nunca pedir√© lealtad para m√≠, pido lealtad para quien conf√≠a en nosotros, para quien nos da su voto, para ellos y por ellos es que digo: No robar, No mentir, No traicionar.",Mon Mar 09 21:01:15 +0000 2020,['robar'],0.2901708483695984,0.23498645424842834,0.4748426377773285
233,1955,ingrodolfohdez,"Con solo revisar el patrimonio de los corruptos antes y despu√©s de haber sido funcionarios, hay plata de sobra para confiscarla y ponerla a disposici√≥n del estado de bienestar que exigen y requieren todos los colombianos.",Sun Mar 08 21:00:59 +0000 2020,['plata'],0.36691251397132874,0.3154275715351105,0.31765997409820557
234,1963,ingrodolfohdez,"Con la ley que voy a enviar al Congreso cuando si llego a ser presidente tambi√©n ser√≠a extensiva a las amas de casa, a las mujeres madres de familia y a las empleadas domesticas, con esta ley voy a ponerle plata en el bolsillo a la gente pobre para que consuma.",Fri Mar 06 21:01:36 +0000 2020,['plata'],0.2011946439743042,0.568003237247467,0.23080205917358398
235,1979,ingrodolfohdez,"Tenemos que votar para sacarlos y despu√©s gobernar para quitarles todos sus negocios sucios, acabar con el robo y el despilfarro, lo hice en Bga lo puedo hacer en el pa√≠s, tenemos q cambiar esto para volver a confiar, para volver a tener el pa√≠s q nos robaron.",Fri Feb 28 11:00:51 +0000 2020,['robar'],0.17832645773887634,0.5517166256904602,0.26995694637298584
236,1980,ingrodolfohdez,"La fuerza de los votos que es lo √∫nico que nos queda, lo √∫nico que todav√≠a no nos han podido robar, es lo √∫nico que puede acabar para siempre con la ladronera y la politiquer√≠a corrupta y mafiosa.

#IngRodolfoHernandez",Fri Feb 28 01:00:50 +0000 2020,"['robar', 'ladron']",0.08349912613630295,0.5626307129859924,0.35387012362480164
237,2005,ingrodolfohdez,"Por eso mi campa√±a a la presidencia se har√° con los recursos q bien puedan aportar los colombianos q quieren cambiar de una vez por todas esta ladronera corrupta del establecimiento politiquer√≠a y reemplazar por una verdadera democracia.
#IngRodolfoHernandez #YoApoyoAlingeniero",Fri Feb 21 11:01:13 +0000 2020,"['campa√±a', 'ladron']",0.24409373104572296,0.3361647427082062,0.41974151134490967
238,2006,ingrodolfohdez,"DEMO(pueblo) CRACIA(gobierno): ¬°GOBIERNO DEL PUEBLO! esto q tenemos ahora NO ES DEMOCRACIA, es una dictadura de la politiquer√≠a corrupta q as√≠ como despilfarra y se roba la plata de los impuestos, tambi√©n va a continuar entregando en bandeja nuestros recursos naturales.",Fri Feb 21 01:00:53 +0000 2020,['plata'],0.08499640226364136,0.5758986473083496,0.3391049802303314
239,2008,ingrodolfohdez,"Nuestros recursos naturales son nuestra mayor riqueza, ah√≠ est√° el futuro de Colombia, pero la ladronera politiquera sigue apoyando leyes para q los q explotan nuestros recursos se lleven el 96% y nos dejan tierra ARRASADA, DESOLACI√ìN Y RUINA, como quieren hacer con Santurb√°n.",Thu Feb 20 18:15:22 +0000 2020,['ladron'],0.3874143660068512,0.24562178552150726,0.36696380376815796
240,2019,ingrodolfohdez,"¬°Quieren sacarle la plata del bolsillo a la gente para pagarle los carros, los choferes, los viajes a los politiqueros corruptos del congreso y para que la primera dama use el avi√≥n de la presidencia como jet privado para hacer turismo!
#IngRodolfoHernandez #YoApoyoAlingeniero",Tue Feb 18 11:00:34 +0000 2020,['plata'],0.19495278596878052,0.34058642387390137,0.4644607901573181
241,2117,ingrodolfohdez,Nos robaron tanto que nos quitaron hasta el miedo https://t.co/AuO1wQzNpy,Tue Nov 26 00:32:12 +0000 2019,['robar'],0.10063400864601135,0.653475821018219,0.24589015543460846
242,2246,ingrodolfohdez,¬øD√≥nde est√° la plata? https://t.co/nFvraTr361,Sun Sep 29 14:30:47 +0000 2019,['plata'],0.1998005509376526,0.3530151844024658,0.4471842646598816
243,2350,ingrodolfohdez,"ME COMPROMETO:
¬°Si trancamos a los ladrones la plata sobra! Y con ese dinero lo primero ser√° cancelarles a todos los j√≥venes de Colombia lo que deben en el @ICETEX https://t.co/p6Ve4pW6E9",Fri Aug 16 00:37:40 +0000 2019,"['ladron', 'plata']",0.29958200454711914,0.35708901286125183,0.3433290123939514
244,2375,ingrodolfohdez,"MIREN, NO LES DEBO FAVORES A NADIE: URIBE -NO EL CENTRO DEMOCR√ÅTICO-, UNA VEZ ME APOY√ì.
Y le dije: ""Si usted apoya a pol√≠ticos ladrones, YO LOS ATACO"".
Y una vez estuve con Petro en un almuerzo informativo. LINK VIDEO COMPLETO-&gt; https://t.co/h3zogMVnQx https://t.co/3AZfClseZK",Thu Aug 01 17:10:52 +0000 2019,"['ladron', 'Petro']",0.6014159321784973,0.08843693882226944,0.31014716625213623
245,2379,ingrodolfohdez,"¬°NO M√ÅS LADRONES EN LA ADMINISTRACI√ìN P√öBLICA!
Si alguien de quien yo ten√≠a buena imagen se al√≠a con ladrones, ¬°LO DIR√â! https://t.co/8bciELRlhd",Wed Jul 31 00:42:49 +0000 2019,['ladron'],0.23489592969417572,0.5206544399261475,0.2444496601819992
246,2412,ingrodolfohdez,As√≠ se robaron la plata en la contrataci√≥n de obras en Colombia. LINK VIDEO COMPLETO-&gt; https://t.co/sXUxjJtsYK https://t.co/WNUGXA1P78,Sat Jul 13 16:06:36 +0000 2019,"['robar', 'plata']",0.29171305894851685,0.28723663091659546,0.4210503399372101
247,2606,ingrodolfohdez,"INAUGURACI√ìN DEL TEATRO SANTANDER: No vamos a realizar discursos politiqueros, porque uno no puede sacar pecho del hacer con la plata de la ciudadan√≠a. Esto ser√≠a como aplaudir a un cajero autom√°tico por darle su dinero. Lo que si daremos...LINK-&gt; https://t.co/QCNw8GbH1l https://t.co/JbU5wNxlT3",Thu Mar 28 12:49:08 +0000 2019,['plata'],0.40825924277305603,0.13545039296150208,0.4562903046607971
248,2668,ingrodolfohdez,"#√âLPORELLA EN EL D√çA INTERNACIONAL DE LA MUJER

Nos pusimos los guantes para unirnos a la campa√±a internacional #ElPorElla (#HeForShe) de Naciones Unidas, porque compartimos la paridad y equidad...LINK-&gt; https://t.co/yocUC5iXR6 https://t.co/D7z2z5t8BQ",Fri Mar 08 21:38:58 +0000 2019,['campa√±a'],0.5074636340141296,0.09350121021270752,0.39903515577316284
249,2711,ingrodolfohdez,"Los concejales deben atender el clamor de los bumangueses y aprobar la inversi√≥n de $18 mil millones para tapar huecos. 
LINK-&gt; https://t.co/F8D536IuJp @concejobucara https://t.co/ItI0rOp85O",Tue Feb 26 11:21:15 +0000 2019,['robar'],0.2993077337741852,0.3328646719455719,0.36782753467559814
250,2768,ingrodolfohdez,"‚ÄúLa Consigna es no robarse la plata y no hacerle favores a los amigos"". El 90% de los Colombianos es gente buena.

Lea las transparentes declaraciones del Alcalde al peri√≥dico La Libertad: https://t.co/HiY8Jfa4lt https://t.co/1F7HeRnbNb",Fri Feb 01 15:14:32 +0000 2019,"['robar', 'plata']",0.48280659317970276,0.06891901046037674,0.4482743740081787
251,2793,ingrodolfohdez,"60 MIL MILLONES PARA V√çAS METROPOLITANAS Y REGIONALES @AlcaldiaBGA, @GobdeSantander y el @InviasOficial aprobaron ayer licitar en las pr√≥ximas semanas obras por m√°s de 60 mil millones de pesos con recursos de los peajes del Aeropuerto y Rionegro.
LINK-&gt; https://t.co/3YlsRovcbr https://t.co/ZL4jJQ6N6R",Thu Jan 17 11:57:05 +0000 2019,['robar'],0.34953492879867554,0.30434876680374146,0.3461163341999054
