id,user,text,date,match,descort√©s,cort√©s,neutral
1589279722755612673,sergio_fajardo,"Qu√© pienso del presidente @petrogustavo, de su equipo de gobierno, de la  #ReformaTributaria, de la@#PazTotal, la @CoaliEsperanza, las elecciones del 2023. Ac√° est√°n mis respuestas. Les comparto la entrevista con @JuanDiegoAlvira en @RevistaSemana. ",2022-06-11,['petrogustavo'],0.06949003785848618,0.07261193543672562,0.8578980565071106
1566474500228759552,sergio_fajardo,@petrogustavo sigue disfrutando la luna de miel del triunfo sin hacer transici√≥n de candidato que hace promesas improbables a ser l√≠der de gobierno. Su equipo avanza sin prioridades y sin una narrativa que d√© identidad a esta admon. Esa es la lecci√≥n del mes del nuevo gobierno. ,2022-04-09,['petrogustavo'],0.6118865013122559,0.048154473304748535,0.3399589955806732
1555617872763813888,sergio_fajardo,Gracias @ClaMoralesM por leerme. El problema precisamente es pensar que la corrupci√≥n es un lugar com√∫n o inherente a la pol√≠tica. Por eso necesitamos conocer c√≥mo pretende el gobierno Petro luchar contra este c√°ncer. Sin esa lucha no habr√° cambio. ,2022-05-08,['Petro'],0.8011534810066223,0.06069336459040642,0.13815312087535858
1555356369330511877,sergio_fajardo,Reitero: ning√∫n gobierno lograr√° un cambio si no apuesta decididamente por luchar contra la corrupci√≥n. No conocemos la estrategia del presidente @petrogustavo para enfrentar este flagelo. Propongo acciones concretas para iniciar ese cambio que el pa√≠s reclama. ,2022-05-08,['petrogustavo'],0.2870156764984131,0.04981216788291931,0.6631721258163452
1555162463754133504,sergio_fajardo,Cada d√≠a m√°s vigente. En el Congreso de la Rep√∫blica se libra la principal batalla contra la corrupci√≥n. La pel√≠cula no pinta nada bien. El presidente Petro tiene la palabra. ,2022-04-08,['Petro'],0.6769269108772278,0.03924163058400154,0.2838314175605774
1538644693973667840,sergio_fajardo,Felicitaciones a Gustavo Petro. Le deseo lo acompa√±e la sabidur√≠a para tranquilizar y cuidar este pa√≠s adolorido.,2022-06-19,"['Gustavo', 'Petro']",0.0552971214056015,0.04104058817028999,0.9036623239517212
1537504784898576384,sergio_fajardo,"Gustavo: la decencia, el respeto, el reconocimiento y la decencia no son virales. El matoneo es la ley. Quien m√°s grita, insulta y miente es un h√©roe. As√≠ vamos ",2022-06-16,['Gustavo'],0.3184889554977417,0.026630127802491188,0.654880940914154
1533912411861811202,sergio_fajardo,"Ni con el @ingrodolfohdez ni con nadie he puesto condiciones o pedido puestos, como est√°n diciendo para desinformar. Nos encontramos para discutir temas importantes para Colombia y de ah√≠ parti√≥ la reuni√≥n de la semana pasada. He sido coherente siempre, buscando aportar. ",2022-06-06,['ingrodolfohdez'],0.2771584391593933,0.0012413504300639033,0.7216001749038696
1533458672164159488,sergio_fajardo,"Por considerarlo de inter√©s p√∫blico, este es el documento de trabajo que hab√≠amos enviado al @ingrodolfohdez ",2022-05-06,['ingrodolfohdez'],0.06253816932439804,0.03606294468045235,0.9013988971710205
1533455365546860545,sergio_fajardo,"A prop√≥sito de las declaraciones de @ingrodolfohdez ayer y de nuestra reuni√≥n para alcanzar un acuerdo program√°tico, compartimos esta declaraci√≥n y el documento que pusimos a consideraci√≥n de la campa√±a del candidato. ",2022-05-06,['ingrodolfohdez'],0.07387403398752213,0.044704221189022064,0.8814218044281006
1531239855375753216,sergio_fajardo,"No s√© que tan valiosa sea mi voz en esta etapa. He hablado con Rodolfo en el pasado, nos conocemos. Anoche me llam√≥ y dijo que quer√≠a hablar conmigo. Del lado de Petro nadie. Pero tenemos que aterrizar con calma y sabidur√≠a. Yo quiero aportar. @6AMCaracol",2022-05-30,"['Rodolfo', 'Petro']",0.18557612597942352,0.09923554956912994,0.7151883840560913
1531239686177443841,sergio_fajardo,"Colombia cambi√≥, no el cambio que representamos nosotros y debemos ver el cambio que ahora lideran Petro y Rodolfo. Tienen una responsabilidad inmensa. Quiero aportar, defendiendo los principios, la decencia y la decencia.",2022-05-30,"['Petro', 'Rodolfo']",0.11400758475065231,0.05449004843831062,0.831502377986908
1530870332470579207,sergio_fajardo,@HoracioJSerpa @agaviriau @LuisGMurillo @CristoBustos @GustavoMoreno__ @JovenesHoracio @juanmanuelgalan @compromisociu @FajardoEsCambio @CoaliEsperanza Gracias por tus palabras y sobre todo por tu apoyo coherente durante todo este tiempo. Esa coherencia y compromiso es la decencia que Colombia necesita. üíöüí™,2022-05-29,['Gustavo'],0.05486060678958893,0.0584249347448349,0.8867144584655762
1530868983523684354,sergio_fajardo,"@Danisandovalp @socifono Daniel, el voto consciente jam√°s ser√° perder el voto. En segunda vuelta le ganamos a Petro!",2022-05-29,['Petro'],0.027923569083213806,0.0173785500228405,0.954697847366333
1530367643261206529,sergio_fajardo,"He presentado pruebas de las falsedades de Petro. Dijo que ment√≠ sobre su oferta de subsidios a madres cabeza de familia. Ac√° lo dice su folleto, p√°gina 12. ¬°No m√°s cuentas con cuentos! #DebateFinal #DeFrenteConFajardo ",2022-05-28,['Petro'],0.30695101618766785,0.057836614549160004,0.6352123618125916
1530167510091411456,sergio_fajardo,"Ayer me encontr√© con un equipo de @petrogustavo entregando volantes, lo recib√≠ y llegu√© a la casa a revisarlo. Su programa es irrealizable.#FajardoEnBlu",2022-05-27,['petrogustavo'],0.7335907816886902,0.04304683953523636,0.22336240112781525
1530161754956779520,sergio_fajardo,#AlAire Cesar Gaviria se tom√≥ fotos con todos y termin√≥ abrazado con Fico. ¬øCreen que por esa foto la campa√±a de √©l se dispar√≥? Para nada. Los electores son libres y nadie es due√±o de su opini√≥n y de sus voto. #FajardoEnBlu,2022-05-27,['Fico'],0.6198638677597046,0.018942689523100853,0.3611934185028076
1529981906678435854,sergio_fajardo,Jorge Robledo es un se√±or de la pol√≠tica y lo p√∫blico: hace honor a la palabra dignidad. Entiende la palabra respeto y reconoce las diferencias. Argumenta con quien piensa diferente. Nunca es tarde para que aprendas @petrogustavo ,2022-05-27,['petrogustavo'],0.04195205867290497,0.24721656739711761,0.7108314037322998
1529818888493584385,sergio_fajardo,"En esta campa√±a vimos a Petro y a Fico luchando por recibir el apoyo de C√©sar Gaviria. Siempre hemos dicho que de la forma como se hace campa√±a se gobierna, y nosotros llegamos sin ataduras ni obligaciones a gobernar. Esa es una diferencia sustancial con los otros candidatos. ",2022-05-26,"['Petro', 'Fico']",0.06660279631614685,0.09068891406059265,0.8427082896232605
1529442135610736641,sergio_fajardo,"Mi proyecto de vida no es derrotar a Petro o Uribe, estoy aqu√≠ por sue√±os, ideales y principios, porque quiero transformar a Colombia. Invito a las personas a darme la oportunidad, a votar por m√≠ en esta primera vuelta porque daremos la sorpresa. @lafm ",2022-05-25,['Petro'],0.01998795196413994,0.005344764795154333,0.9746672511100769
1529279128293322752,sergio_fajardo,"Para quienes ped√≠an video, aqu√≠ est√°: solo seis propuestas de Petro se vuelan el presupuesto en casi 65 billones de pesos. ¬øDe d√≥nde va a salir esa plata? #ElDebateDefinitivo ",2022-05-25,['Petro'],0.13395190238952637,0.21451562643051147,0.6515324711799622
1529122467561844736,sergio_fajardo,"A Federico Guti√©rrez le he dicho que no he mandado a Ariel √Åvila a hacer campa√±a contra √©l. No tengo nadie que diga: ""necesitamos el 'antiFico' aqu√≠ o la guerra sucia all√°"". Ariel tiene cuestionamientos que son v√°lidos y que cualquier ciudadano se preguntar√≠a. @CaracolRadio",2022-05-24,"['Federico', 'Fico']",0.003186008660122752,0.0018306408310309052,0.9949833750724792
1529062924878327809,sergio_fajardo,"1. En el debate de semana del 14 de marzo, @petrogustavo dijiste que el bono pensional de medio salario m√≠nimo para 3 millones de personas costaba 18 billones de pesos (1h 58 min)
",2022-05-24,['petrogustavo'],0.1082926094532013,0.41414767503738403,0.47755974531173706
1529062923330633728,sergio_fajardo,.@petrogustavo son tus matem√°ticas las que no funcionan. Has sido t√∫ qui√©n ha se√±alado el costo de varias de las propuestas que citamos ayer. No m√°s mentiras grandilocuentes. Ac√° el detalle de las cuentas que no te cuadran. Abro hilo üßµ : ,2022-05-24,['petrogustavo'],0.4857344925403595,0.08981724083423615,0.42444825172424316
1528935614086881280,sergio_fajardo,Solo seis programas de Petro se vuelan el presupuesto en casi 65 billones. Los colombianos no aguantan m√°s promesas vac√≠as. La frustraci√≥n lleva a la explosi√≥n. #ElDebateDefinitivo ,2022-05-24,['Petro'],0.35877305269241333,0.1010000929236412,0.5402268171310425
1528911922552258560,sergio_fajardo,"Nuestra propuesta pensional,  dise√±ada por Jos√© Antonio Ocampo, (al que Petro quer√≠a como ministro de Hacienda), permite financiar un ingreso digno de 500 mil pesos para todos los adultos mayores de 65 a√±os en Colombia que hoy no tienen pensi√≥n. #ElDebateDefinitivo ",2022-05-24,['Petro'],0.018567455932497978,0.04080892726778984,0.9406235814094543
1528904340450295811,sergio_fajardo,"Tengo desconfianza absoluta del Registrador, y hace parte de la desconfianza en las instituciones que este Gobierno genera, pero el llamado de Petro de un supuesto golpe de Estado es otra cortina de humo para llamar la atenci√≥n a pocos d√≠as de las elecciones. #ElDebateDefinitivo ",2022-05-24,['Petro'],0.49300721287727356,0.022548651322722435,0.48444414138793945
1528712840143675393,sergio_fajardo,"Creo que la Registradur√≠a ha hecho un p√©simo trabajo, lo cual ha generado mucha desconfianza, pero no me voy a sentar con Petro para servirle de ac√≥lito en su nueva cortina de humo a seis d√≠as de las elecciones. @NoticiasCaracol ",2022-05-23,['Petro'],0.5463271737098694,0.006354545708745718,0.44731825590133667
1528351894170742786,sergio_fajardo,"@AquinoTicias1 A ambos nos han hecho campa√±a sucia, pero tambi√©n Gustavo ha buscado enga√±ar al electorado diciendo que nos vamos a unir. Saludos.",2022-05-22,['Gustavo'],0.905007541179657,0.026444705203175545,0.06854777038097382
1527062752946102273,sergio_fajardo,"Este es el #TodoVale de @petrogustavo y su campa√±a @PactoCol.

Es claro que nos separan las formas de hacer pol√≠tica y pedimos que retiren estas im√°genes que han decidido promocionar para confundir al electorado.

¬°Vamos hasta el final! ",2022-05-18,['petrogustavo'],0.7428843975067139,0.036913324147462845,0.2202022522687912
1526916287586308097,sergio_fajardo,"Hemos superado todo tipo de obst√°culos y seguimos firmes. Los principios, los ideales y la convicci√≥n, como siempre, nos mueven. Dientes apretados y a pedalear sin descanso. En primera derrotamos a Fico. Hoy en Buenaventura. Cero nervios ",2022-05-18,['Fico'],0.05370055139064789,0.02240295335650444,0.9238964915275574
1526594044645605376,sergio_fajardo,"¬øConocen alg√∫n proyecto de transformaci√≥n que @FicoGutierrez lider√≥ en Medell√≠n? Nosotros cambiamos el rumbo de la ciudad, mejoramos la seguridad, le apostamos a la cultura y a la educaci√≥n. Planteamos desde la experiencia, no desde el deseo. #VanessaFajardoEs resultados.",2022-05-17,['Fico'],0.017751701176166534,0.04602373018860817,0.9362245202064514
1526205662966980609,sergio_fajardo,"Pido a las autoridades proteger la vida de los candidatos y candidatas. Toda amenaza tiene que ser tomada en serio, no podemos aceptar que panfletos con intimidaciones a pol√≠ticos, l√≠deres sociales y periodistas sean normalizadas. Mi solidaridad con @FicoGutierrez y su equipo. ",2022-05-16,['Fico'],0.9474155306816101,0.012244682759046555,0.04033978283405304
1525541831433502721,sergio_fajardo,"Federico: nuestra campa√±a no incita a la violencia, ni a la intolerancia. Ac√° no hay mandaderos, bodegueros ni hay personas que insultan a los dem√°s. Eso s√≠, cualquier ciudadano tiene derecho a preguntar sobre algunos de tus aliados que son condenados por corrupci√≥n. ",2022-05-14,['Federico'],0.0025975320022553205,0.001088484306819737,0.9963139891624451
1525308408122974208,sergio_fajardo,"@tocampogav @Lindauer1991 @ingrodolfohdez Que no nos echen m√°s ese cuento! En 2022 el voto √∫til es votar bien, a conciencia, por propuestas y no por encuestas.",2022-05-14,['ingrodolfohdez'],0.868553102016449,0.016600895673036575,0.11484596878290176
1522615196304486403,sergio_fajardo,"La insensibilidad con las v√≠ctimas es inaceptable en la pol√≠tica, en los medios de comunicaci√≥n y en cualquier escenario. Mi solidaridad con @ingrodolfohdez y su familia.",2022-06-05,['ingrodolfohdez'],0.6135637164115906,0.025570282712578773,0.36086592078208923
1522009848220692481,sergio_fajardo,@LeGoBo_ @WRadioColombia @petrogustavo ü§™,2022-05-05,['petrogustavo'],0.05397165194153786,0.29508069157600403,0.650947630405426
1521540774143438849,sergio_fajardo,"Hay partidos pol√≠ticos que han estado en el poder desde siempre y son los mismos que hoy se representan en Duque, Uribe y Fico. Esos partidos pol√≠ticos son responsables de la Colombia que hoy tenemos y por eso los vamos a cambiar. #EafitAl√Ågora #DebatesEE @EAFIT ",2022-03-05,['Fico'],0.28019630908966064,0.025449875742197037,0.6943537592887878
1521281537735643143,sergio_fajardo,En Colombia no nos podemos dar el lujo de dudar o deslegitimar una amenaza de muerte. Se deben tramitar estas denuncias con todo el rigor. Mi solidaridad con @petrogustavo.,2022-03-05,['petrogustavo'],0.928871214389801,0.03720928356051445,0.033919524401426315
1519785148392390658,sergio_fajardo,.@ingrodolfohdez ,2022-04-28,['ingrodolfohdez'],0.021899903193116188,0.09120439738035202,0.8868956565856934
1519007971451314176,sergio_fajardo,"Soy AntiFico y soy AntiPetro, en el sentido de que no estoy de acuerdo con ellos. Ninguno de los dos le convienen a Colombia. #SigueLaW @WRadioColombia ",2022-04-26,"['Fico', 'Petro']",0.5112807750701904,0.011419341899454594,0.4772999584674835
1519006303749877760,sergio_fajardo,Federico Guti√©rrez no est√° preparado para gobernar a Colombia y recibe apoyos de todos los sectores pol√≠ticos que han sido m√°s de lo mismo. Esa expresi√≥n de la pol√≠tica la vamos a derrotar en primera vuelta. #SigueLaW @WRadioColombia,2022-04-26,['Federico'],0.6518901586532593,0.05800981447100639,0.2901000380516052
1517633529873641472,sergio_fajardo,"Petro ha sido uno de mis m√°s fuertes contradictores y he sido blanco de sus ataques, pero las palabras del Gr. Zapateiro son inaceptables. No solo se normaliz√≥ la participaci√≥n en pol√≠tica de funcionarios del Gobierno, sino que se politizaron las FFAA. ¬°Ese no es el camino!",2022-04-22,['Petro'],0.9575505256652832,0.013203117065131664,0.029246356338262558
1517589757030801416,sergio_fajardo,"Con @MJDuzan hablamos #AFondo sobre por qu√© represento el cambio que Colombia quiere y necesita; tambi√©n de por qu√© considero que @FicoGutierrez no est√° listo para dirigir un pa√≠s que necesita experiencia, decencia y coherencia. Les invito a escuchar:  ",2022-04-22,['Fico'],0.3455291986465454,0.11264940351247787,0.5418213605880737
1517557689567617024,sergio_fajardo,"Luego del panel en Asofondos le cumpl√≠ la cita a @lamayaquehabla, una joven de 25 a√±os que busca construir una Santa Marta mejor, como ella misma dice. La pol√≠tica es un ejercicio de contrastes y la m√≠a es claramente una propuesta de cambio diferente a la de Federico Guti√©rrez. ",2022-04-22,['Federico'],0.09325435012578964,0.07338014245033264,0.8333654999732971
1516905227651276800,sergio_fajardo,"¬øD√≥nde ir√° a dar su rueda de prensa Federico Guti√©rrez para criticar la reuni√≥n de √Ålex Char, de su campa√±a, con Luis Alfredo Ramos, a quien hoy la Corte Suprema de Justicia le confirma su condena por parapol√≠tica? Estar√© atento.

",2022-04-20,['Federico'],0.016623469069600105,0.9783146977424622,0.0050618648529052734
1516825920862134280,sergio_fajardo,"Lo de Piedad C√≥rdoba se sab√≠a desde hace varios meses y Gustavo Petro decidi√≥ mantenerla en la lista cerrada del Pacto Hist√≥rico al Senado. No es la primera vez que Petro se demora en rechazar apoyos pol√©micos, como bien lo deben recordar Iv√°n y Samuel Moreno.",2022-04-20,"['Gustavo', 'Petro', 'Petro']",0.2707028388977051,0.062279388308525085,0.6670176982879639
1516470697509498881,sergio_fajardo,"Nosotros vamos a atacar la corrupci√≥n de frente, no vamos a ceder ni a pactar con corruptos. Ojal√° @FicoGutierrez, en vez de limitarse a hacer populismo punitivo, empiece por rechazar a los clanes corruptos que hoy lo apoyan.",2022-04-19,['Fico'],0.2550409436225891,0.02780923619866371,0.7171498537063599
1516470695437508617,sergio_fajardo,"En esta columna, Yesid Reyes reflexiona sobre las propuestas de pol√≠tica criminal de los candidatos, a partir del oscuro episodio de la Picota. Hablemos de ideas concretas para acabar la corrupci√≥n: que @petrogustavo arranque por responder los interrogantes que a√∫n existen.",2022-04-19,['petrogustavo'],0.816864550113678,0.05595088005065918,0.12718452513217926
1516422035450310671,sergio_fajardo,@gfpardo @sandia2816 @FicoGutierrez Hola Germ√°n!  aqu√≠ puede encontrar todo nuestro programa. Saludos!,2022-04-19,['Fico'],0.04226057976484299,0.05242316424846649,0.9053162932395935
1516416410179837967,sergio_fajardo,"Otro expresidente para la colecci√≥n de Federico. M√°s de lo mismo, cada vez m√°s lejos del cambio. ",2022-04-19,['Federico'],0.6774851679801941,0.0422876812517643,0.2802271842956543
1516375889579327489,sergio_fajardo,"@petrogustavo Gustavo hay que calmarse y cuidar las palabras. Ese lenguaje es muy peligroso, genera violencia.",2022-04-19,"['petrogustavo', 'Gustavo']",0.05985863134264946,0.021649714559316635,0.9184916615486145
1516193083834175490,sergio_fajardo,"Fico va a la Picota a hacer un anuncio medi√°tico pero no es capaz de renunciar a los apoyos de los pol√≠ticos cuestionados que lo acompa√±an, y Petro tiene que firmar en una notar√≠a para decir que va a cumplir su palabra de que no va a expropiar a nadie en Colombia. Pat√©tico. üßµüëáüèΩ ",2022-04-18,"['Fico', 'Petro']",0.9898360967636108,0.0031483208294957876,0.007015610579401255
1515687790679412742,sergio_fajardo,"Tienes raz√≥n, querida Cecilia. Por eso ante la confusi√≥n creada en este lamentable episodio hay preguntas para @petrogustavo que a√∫n no tienen respuesta: ",2022-04-17,['petrogustavo'],0.4709147810935974,0.18249233067035675,0.34659290313720703
1515498909250080770,sergio_fajardo,"Muy selectiva tu memoria, Gustavo. Muchas veces no solo no me has apoyado, sino que has liderado los ataques, a√∫n ante mis explicaciones claras. Las tuyas, en cambio, siguen sin ser satisfactorias: existen a√∫n preguntas sin respuesta. Y no, la corrupci√≥n no admite perd√≥n social.  ",2022-04-17,['Gustavo'],0.6639270782470703,0.055890075862407684,0.28018277883529663
1514962877081432064,sergio_fajardo,@jobtips_ @petrogustavo @FicoGutierrez Hicimos la tarea y contestamos. Muchas gracias @jobtips_ por la oportunidad. Les comparto el hilo: ,2022-04-15,"['petrogustavo', 'Fico']",0.09440846741199493,0.19559913873672485,0.7099924683570862
1511375759860023311,sergio_fajardo,"Duque haci√©ndole campa√±a a Petro: la respuesta a una mala idea no puede ser otra mala idea. Esta foto sienta una mal precedente, las pensiones de los colombianos no deben responder a los intereses del gobernante de turno sino, √∫nicamente, a criterios t√©cnicos. (1/4) üßµ ",2022-05-04,['Petro'],0.8979769349098206,0.012928674928843975,0.089094378054142
1510673865403424777,sergio_fajardo,"Yo soy liberal y creo en las ideas liberales, pero el Partido Liberal no tiene ning√∫n tipo de identidad si hoy C√©sar Gaviria se sienta a hablar con Petro o con Fico. Esa no es la pol√≠tica que nosotros representamos. @losdanieles",2022-03-04,"['Petro', 'Fico']",0.024025769904255867,0.0016309585189446807,0.9743432998657227
1510667382439968769,sergio_fajardo,"Representamos un proyecto pol√≠tico que apoya la paz, enfrenta la corrupci√≥n y rompe la polarizaci√≥n. Somos los que podemos transformar al pa√≠s con cultura, educaci√≥n y conocimiento. Vamos a poner en el centro a las mujeres y el medio ambiente. Somos diferentes a Petro y a Fico.",2022-03-04,"['Petro', 'Fico']",0.02227480709552765,0.012378524988889694,0.9653466939926147
1508844203052261385,sergio_fajardo,Coincidimos con @ingrodolfohdez en que la lucha contra la corrupci√≥n es el principal problema que tiene Colombia. Nos sentamos a discutir sobre esta preocupaci√≥n y c√≥mo sacar a los corruptos del poder. Seguiremos conversando. ,2022-03-29,['ingrodolfohdez'],0.024840492755174637,0.006324913818389177,0.9688345789909363
1508477727594135563,sergio_fajardo,La metamorfosis de Isabel Zuleta y el todo vale de Petro ,2022-03-28,['Petro'],0.1289096176624298,0.2540828585624695,0.6170074939727783
1506964901272641543,sergio_fajardo,"Es sencillo: Si quiere que gane Petro, vote por Fico. Si quiere derrotar a Petro, entonces vote por Fajardo. @lafm",2022-03-24,"['Petro', 'Fico', 'Petro']",0.004867136012762785,0.6458604335784912,0.3492724299430847
1506959911728594953,sergio_fajardo,"Decir que Fico representa el uribismo y a Duque no es atacarlo con mentiras. Es decir las cosas como son. Tengo m√°s experiencia, una propuesta de gobierno seria y representamos un cambio sin continuismo, sin pactos con politiqueros. @lafm",2022-03-24,['Fico'],0.0015935685951262712,0.002615914447233081,0.9957905411720276
1506753908881899528,sergio_fajardo,"Nos quieren hacer creer que esto es entre Petro y Fico. ¬°Est√°n equivocados! Somos la alternativa del cambio con ilusi√≥n, con educaci√≥n, empleos, seguridad. Lejos del todo vale y las alianzas con los mismos de siempre. Arranc√≥ la remontada, acomp√°√±anos.  ",2022-03-23,"['Petro', 'Fico']",0.23100504279136658,0.0030286216642707586,0.7659663558006287
1506730500097982474,sergio_fajardo,"A Petro hay que ganarle, pero sin reelegir a Duque y al uribismo. ",2022-03-23,['Petro'],0.04261834919452667,0.008705510757863522,0.9486761689186096
1506072277032615945,sergio_fajardo,"He o√≠do chistes malos y el de Fico de que soy vocero de Petro. Tal vez se lo pasaron por su celular durante el debate, pero realmente el chiste es muy malo. No soy vocero de nadie y voy a derrotar a Petro en 2da vuelta. Fico crece porque viene con esteroides del Gobierno y el CD. ",2022-03-22,"['Fico', 'Petro', 'Petro', 'Fico']",0.6248788833618164,0.002345010172575712,0.3727761507034302
1506006119851954179,sergio_fajardo,"Gustavo: este es precisamente el momento en el que hay que debatir. Estamos en un punto cr√≠tico para Colombia y ahora, m√°s que nunca, tenemos que exigir garant√≠as y transparencia en el proceso electoral. ",2022-03-21,['Gustavo'],0.3878188133239746,0.1816963106393814,0.4304848611354828
1505724635798716418,sergio_fajardo,"Duque cambi√≥ la ley para contratar en √©poca electoral, promueve otra que limita la informaci√≥n que se entregue al pr√≥ximo gobierno y  ahora su jefe, Alvaro Uribe, pone en duda las elecciones que ellos organizaron porque no les favorece. Y @FicoGutierrez callado. ",2022-03-21,['Fico'],0.2877757251262665,0.11297278851270676,0.5992515087127686
1505515991085760512,sergio_fajardo,Fajardo es el √∫nico que le gana a Petro. ,2022-03-20,['Petro'],0.12577831745147705,0.07150021940469742,0.8027215003967285
1504976904830529542,sergio_fajardo,Nos quieren hacer creer que ya es la segunda vuelta. ¬°No es cierto! Vamos a demostrarle a Colombia que no estamos condenados a lo mismo. Elegir a Fico es reelegir a Duque. ,2022-03-19,['Fico'],0.6003828644752502,0.05984043702483177,0.33977675437927246
1504616594487615488,sergio_fajardo,Petro debe estar dichoso viendo c√≥mo le montan a Fico de contendor porque sabe que le gana f√°cil en segunda vuelta. Nosotros somos la opci√≥n que puede enfrentar y ganarle a Petro. #ElDebateDeLasRegiones,2022-03-18,"['Petro', 'Fico', 'Petro']",0.2833362817764282,0.13130231201648712,0.5853613615036011
1503823564566405127,sergio_fajardo,"Financiar programas sociales con el ahorro pensional no solo compromete las pensiones futuras, tambi√©n es injusto. Proponemos financiar el ingreso b√°sico a las personas mayores con impuestos progresivos. Petro propone hacerlo con los ingresos futuros de la clase media. (2/6)",2022-03-15,['Petro'],0.7591623067855835,0.04609890654683113,0.1947387307882309
1503823562729213956,sergio_fajardo,Petro tom√≥ nuestra propuesta de garantizar un ingreso de $500.000 a los adultos mayores sin pensi√≥n. Me preocupa que vaya a financiarlo con los ahorros de los colombianos en los fondos privados. (1/6) ,2022-03-15,['Petro'],0.09021640568971634,0.20175263285636902,0.7080309391021729
1500570957429231618,sergio_fajardo,"Mois√©s Wasserman, Juan Gabriel V√°squez y Gustavo Bell simbolizan el rigor intelectual y la creatividad en tres mundos: acad√©mico, cultural y p√∫blico. Estoy orgulloso de tener su apoyo. Con personas inspiradoras como ellos cambiaremos el pa√≠s. Primer paso: votar el 13 de marzo. ",2022-06-03,['Gustavo'],0.055574871599674225,0.1726147085428238,0.7718103528022766
1499419527595053062,sergio_fajardo,"Muchas gracias a Gustavo Bell por su apoyo y confianza. Con √©l y otras muchas personas m√°s trabajaremos para hacer que el Caribe brille por su talento, la calidad de su educaci√≥n, su riqueza cultural y su gente. ",2022-03-03,['Gustavo'],0.13223403692245483,0.10628212988376617,0.7614838480949402
1499403168085688322,sergio_fajardo,"Duque cant√≥ su voto y ratifica que el 13 de marzo la elecci√≥n es entre el equipo duquista, el Pacto Hist√≥rico donde Petro ningunea a sus compa√±eros para abrazarse con pol√≠ticos de siempre y nosotros, que somos la alternativa del cambio serio que va de frente contra los corruptos. ",2022-03-03,['Petro'],0.14368891716003418,0.029175428673624992,0.8271356225013733
